strategy_id,entry_bar,entry_ts_ms,entry_time,entry_price,exit_bar,exit_ts_ms,exit_time,exit_price,exit_reason,stop_loss,take_profit,fees_paid,return_pct,capital_before,capital_after
bot01_ema_rsi_atr,54,1756146000000,2025-08-25 18:20:00+00:00,112638.781245,58,1756147200000,2025-08-25 18:40:00+00:00,112322.37481026247,stop_loss,112378.56409230862,112888.37886153709,0.39923875453052843,-0.3806227347358064,800.0,999.0395157759979
bot01_ema_rsi_atr,212,1756193700000,2025-08-26 07:35:00+00:00,110423.71426499999,221,1756196400000,2025-08-26 08:20:00+00:00,110128.16994622273,stop_loss,110183.26157701123,110646.43263448316,0.39888175593110237,-0.36737805047015326,799.2316126207983,998.1063915439252
bot01_ema_rsi_atr,272,1756211700000,2025-08-26 12:35:00+00:00,110549.79727499999,273,1756212000000,2025-08-26 12:40:00+00:00,110678.87214123641,take_profit,110334.75715942212,110734.23926086683,0.39927577451527374,0.016640459366406065,798.4851132351401,997.9399549454224
bot01_ema_rsi_atr,293,1756218000000,2025-08-26 14:20:00+00:00,110527.065915,295,1756218600000,2025-08-26 14:30:00+00:00,110084.25440948024,stop_loss,110139.32407151599,110970.58889272602,0.39817757174229496,-0.5002356258641986,798.351963956338,996.7429551287952
bot01_ema_rsi_atr,454,1756266600000,2025-08-27 03:50:00+00:00,111569.49687,473,1756272300000,2025-08-27 05:25:00+00:00,111306.0501817062,stop_loss,111361.73104722981,111741.75342915529,0.39802758657520987,-0.3358917526643959,797.3943641030362,995.8746806569376
bot01_ema_rsi_atr,561,1756299000000,2025-08-27 12:50:00+00:00,111271.8081,566,1756300500000,2025-08-27 13:15:00+00:00,111042.90823622207,stop_loss,111098.45746495454,111392.81380256818,0.39774137959009925,-0.30550664882575707,796.69974452555,995.067621540803
bot01_ema_rsi_atr,845,1756384500000,2025-08-28 12:35:00+00:00,113106.80514,846,1756384800000,2025-08-28 12:40:00+00:00,113135.51014972235,take_profit,112955.7291981175,113192.10620282375,0.3978784915827426,-0.07464670257714544,796.0540972326423,994.7201995399498
bot01_ema_rsi_atr,918,1756406400000,2025-08-28 18:40:00+00:00,112589.46659999999,919,1756406700000,2025-08-28 18:45:00+00:00,112333.34995936044,stop_loss,112389.54473172629,112748.68290241055,0.3972370337470415,-0.32725085367703083,795.7761596319599,993.8708604771723
bot01_ema_rsi_atr,958,1756418400000,2025-08-28 22:00:00+00:00,112237.54072499998,961,1756419600000,2025-08-28 22:20:00+00:00,112273.46355435389,take_profit,112082.66442097456,112329.62836853815,0.3974131262058336,-0.06802593295190368,795.0966883817379,993.5370035380266
bot01_ema_rsi_atr,1107,1756463400000,2025-08-29 10:30:00+00:00,110018.211615,1115,1756465800000,2025-08-29 11:10:00+00:00,110105.24661772458,take_profit,109831.83214592324,110160.32678111513,0.3973731335119572,-0.020969477284242297,794.8296028304213,993.2966699019688
bot01_ema_rsi_atr,1180,1756485600000,2025-08-29 16:40:00+00:00,108846.89624999999,1184,1756486800000,2025-08-29 17:00:00+00:00,108495.7416986751,stop_loss,108550.01670702861,109156.22493945708,0.3964797481181287,-0.4222906751220808,794.6373359215751,992.2599296451723
bot01_ema_rsi_atr,1212,1756495200000,2025-08-29 19:20:00+00:00,108712.14891,1215,1756496100000,2025-08-29 19:35:00+00:00,108414.97934899418,stop_loss,108469.21395597215,108940.72906604178,0.39616358489761827,-0.37308115461005587,793.8079437161379,991.321831085753
bot01_ema_rsi_atr,1340,1756533600000,2025-08-30 06:00:00+00:00,108587.93683499999,1342,1756534200000,2025-08-30 06:10:00+00:00,108371.05632428965,stop_loss,108425.26895876903,108696.27156184644,0.3959348746110584,-0.29952826853028836,793.0574648686024,990.5303027541163
bot01_ema_rsi_atr,1388,1756548300000,2025-08-30 10:05:00+00:00,108690.23796,1389,1756548600000,2025-08-30 10:10:00+00:00,108514.35770615166,stop_loss,108568.64202716523,108736.83695925213,0.3956937645574491,-0.26165607592022916,792.424242203293,989.8143585059122
bot01_ema_rsi_atr,1501,1756582200000,2025-08-30 19:30:00+00:00,108864.83521499998,1509,1756584600000,2025-08-30 20:10:00+00:00,108691.6482987613,stop_loss,108746.021309416,108907.04303587598,0.3954131675095467,-0.2589252663458725,791.8514868047298,989.1043323172856
bot01_ema_rsi_atr,1597,1756611300000,2025-08-31 03:35:00+00:00,109331.94865499999,1601,1756612500000,2025-08-31 03:55:00+00:00,109152.8346121965,stop_loss,109207.43833136218,109382.11750295672,0.39512015433836256,-0.26366206855538565,791.2834658538285,988.385454440859
bot01_ema_rsi_atr,1651,1756627500000,2025-08-31 08:05:00+00:00,108835.53056999999,1654,1756628400000,2025-08-31 08:20:00+00:00,108805.52741648667,take_profit,108728.59506987716,108859.95739518426,0.3951020646957127,-0.12753985780454463,790.7083635526872,987.9359123864206
bot01_ema_rsi_atr,2231,1756802400000,2025-09-02 08:40:00+00:00,110565.605175,2234,1756803300000,2025-09-02 08:55:00+00:00,110309.7267157506,stop_loss,110364.90917033576,110728.51124449639,0.39451996531729583,-0.33119538882418526,790.3487299091364,987.0845799663082
bot01_ema_rsi_atr,2290,1756820100000,2025-09-02 13:35:00+00:00,110109.28712999998,2291,1756820400000,2025-09-02 13:40:00+00:00,110446.47066818498,take_profit,109755.9523140337,110501.72152894945,0.3952403529419962,0.20592002130493933,789.6676639730465,987.2932774848323
bot01_ema_rsi_atr,2339,1756834800000,2025-09-02 17:40:00+00:00,110924.05430999999,2343,1756836000000,2025-09-02 18:00:00+00:00,110603.34330642507,stop_loss,110658.67264274645,111183.54103588032,0.3941495176459389,-0.38883752452462167,789.8346219878658,986.3287932746894
bot01_ema_rsi_atr,2365,1756842900000,2025-09-02 19:55:00+00:00,110867.255925,2368,1756843800000,2025-09-02 20:10:00+00:00,111048.5961021544,take_profit,110616.98454917166,111104.14817624252,0.39465658689825545,0.06340157016223474,789.0630346197515,986.2564720348257
bot01_ema_rsi_atr,2443,1756866300000,2025-09-03 02:25:00+00:00,111452.568435,2445,1756866900000,2025-09-03 02:35:00+00:00,111197.77155614363,stop_loss,111253.39825527127,111612.07761709309,0.3938548431445966,-0.32838601707590964,789.0051776278606,985.4121228167544
bot01_ema_rsi_atr,2577,1756906800000,2025-09-03 13:40:00+00:00,111738.251205,2580,1756907700000,2025-09-03 13:55:00+00:00,111444.88103903944,stop_loss,111500.63135471678,111955.07796792484,0.3934508417916842,-0.36228869042966466,788.3296982534035,984.5017470645084
bot01_ema_rsi_atr,2619,1756919400000,2025-09-03 17:10:00+00:00,112447.81580999999,2633,1756923600000,2025-09-03 18:20:00+00:00,112161.00626899253,stop_loss,112217.11482640573,112653.3777603914,0.39310208641080613,-0.3548050661567211,787.6013976516067,983.6069329125132
bot01_ema_rsi_atr,2653,1756929600000,2025-09-03 20:00:00+00:00,112217.650785,2671,1756935000000,2025-09-03 21:30:00+00:00,111976.26100964997,stop_loss,112032.27714822408,112355.50927766389,0.3928233103963806,-0.3148934538263497,786.8855463300106,982.7913682200747
bot01_ema_rsi_atr,2798,1756973400000,2025-09-04 08:10:00+00:00,110719.73219999998,2802,1756974600000,2025-09-04 08:30:00+00:00,110772.79369991555,take_profit,110555.19479745503,110828.20780381745,0.3930140937140317,-0.05212376568985448,786.2330945760598,982.4924588260064
bot01_ema_rsi_atr,2834,1756984200000,2025-09-04 11:10:00+00:00,111038.87169,2835,1756984500000,2025-09-04 11:15:00+00:00,110808.2135450753,stop_loss,110863.64536775918,111162.98194836125,0.39239271204054815,-0.30751965800146785,785.9939670608052,981.6922931158767
bot01_ema_rsi_atr,2908,1757006400000,2025-09-04 17:20:00+00:00,109847.00605499999,2912,1757007600000,2025-09-04 17:40:00+00:00,109600.67805475429,stop_loss,109655.5058076581,109997.01628851284,0.3920407370664166,-0.3240221933060605,785.3538344927014,980.8604106574994
bot01_ema_rsi_atr,2940,1757016000000,2025-09-04 20:00:00+00:00,110144.154555,2944,1757017200000,2025-09-04 20:20:00+00:00,110269.94142851548,take_profit,109931.78067966284,110325.10398050572,0.3923718006717415,0.014087839840117676,784.6883285259995,980.6918473477009
bot01_ema_rsi_atr,3417,1757160000000,2025-09-06 12:00:00+00:00,110895.329955,3422,1757161500000,2025-09-06 12:25:00+00:00,110739.40397714815,stop_loss,110794.80137783707,110907.5729332444,0.3918050931699832,-0.24046583561022217,784.5534778781607,980.0245348549033
bot01_ema_rsi_atr,3553,1757200800000,2025-09-06 23:20:00+00:00,110302.933905,3559,1757202600000,2025-09-06 23:50:00+00:00,110155.700861544,stop_loss,110210.80626467633,110303.3156029855,0.391552442092462,-0.23334714246062419,784.0196278839227,979.3716154702824
bot01_ema_rsi_atr,3621,1757221500000,2025-09-07 05:05:00+00:00,110671.30799999999,3622,1757221800000,2025-09-07 05:10:00+00:00,110520.15914953635,stop_loss,110575.44687297284,110676.82969054075,0.39128552488721835,-0.23643798410078218,783.4972923762259,978.7130829675946
bot01_ema_rsi_atr,3650,1757230200000,2025-09-07 07:30:00+00:00,110793.859245,3651,1757230500000,2025-09-07 07:35:00+00:00,110759.02485538195,take_profit,110687.86195238824,110814.43207141766,0.3912280092208179,-0.13140928158434576,782.9704663740756,978.2603736087473
bot01_ema_rsi_atr,3736,1757256000000,2025-09-07 14:40:00+00:00,111306.595485,3737,1757256300000,2025-09-07 14:45:00+00:00,111120.97318986025,stop_loss,111176.56147059554,111362.5827941067,0.3907825412148453,-0.266599896472074,782.6082988869978,977.5436349136005
bot01_ema_rsi_atr,3788,1757271900000,2025-09-07 19:05:00+00:00,111137.71108499999,3793,1757273400000,2025-09-07 19:30:00+00:00,111131.57372483924,take_profit,111012.17179433769,111187.16730849347,0.3908111594524908,-0.10551677980474272,782.0349079308804,977.1420379681813
bot01_ema_rsi_atr,3831,1757284800000,2025-09-07 22:40:00+00:00,111272.88863999999,3836,1757286300000,2025-09-07 23:05:00+00:00,111276.89526745281,take_profit,111140.42563451538,111332.56154822692,0.3906684165766372,-0.09640287865779978,781.713630374545,976.758399348563
bot01_ema_rsi_atr,3878,1757298900000,2025-09-08 02:35:00+00:00,111227.716065,3895,1757304000000,2025-09-08 04:00:00+00:00,110963.83629517924,stop_loss,111019.34596816331,111401.30604775505,0.39004501368383976,-0.3370055768266308,781.4067194788504,975.9053599591634
bot01_ema_rsi_atr,3923,1757312400000,2025-09-08 06:20:00+00:00,111197.921175,3933,1757315400000,2025-09-08 07:10:00+00:00,111208.5422968734,take_profit,111061.13374395638,111264.17438406544,0.39018558708098516,-0.09045800439484744,780.7242879673307,975.5337985413939
bot01_ema_rsi_atr,4174,1757388300000,2025-09-09 03:25:00+00:00,111614.81951999999,4179,1757389800000,2025-09-09 03:50:00+00:00,111673.381970855,take_profit,111445.56893723195,111729.24659415206,0.3901206795793418,-0.04758412130597379,780.4270388331151,975.2459447843071
bot01_ema_rsi_atr,4254,1757412300000,2025-09-09 10:05:00+00:00,113086.94521499999,4257,1757413200000,2025-09-09 10:20:00+00:00,112896.34438420807,stop_loss,112952.82079460537,113146.84380809191,0.38957491450460646,-0.2683750760082136,780.1967558274457,974.527955649643
bot01_ema_rsi_atr,4294,1757424300000,2025-09-09 13:25:00+00:00,112871.117355,4295,1757424600000,2025-09-09 13:30:00+00:00,112615.81164816134,stop_loss,112672.14772202235,113028.55341696649,0.38917585621072676,-0.3259660461494693,779.6223645197144,973.6983593354317
bot01_ema_rsi_atr,4352,1757441700000,2025-09-09 18:15:00+00:00,111268.836615,4357,1757443200000,2025-09-09 18:40:00+00:00,111023.4763753103,stop_loss,111079.01588325192,111414.5511751221,0.3888556107102947,-0.32029068237507163,778.9586874683454,972.8805103727104
bot01_ema_rsi_atr,4381,1757450700000,2025-09-09 20:45:00+00:00,111510.277275,4382,1757451000000,2025-09-09 20:50:00+00:00,111297.533180471,stop_loss,111353.20978536368,111606.56032195449,0.38858677862625,-0.29059350907211107,778.3044082981684,972.1210741733246
bot01_ema_rsi_atr,4416,1757461200000,2025-09-09 23:40:00+00:00,111595.38981,4421,1757462700000,2025-09-10 00:05:00+00:00,111378.13636224743,stop_loss,111433.85328889187,111698.27006666218,0.38827587969374233,-0.2944849107784202,777.6968593386597,971.354672532878
bot01_ema_rsi_atr,4447,1757470500000,2025-09-10 02:15:00+00:00,111353.719035,4452,1757472000000,2025-09-10 02:40:00+00:00,111434.9507668075,take_profit,111169.65259009006,111490.69611486493,0.3884891755995573,-0.027123673300776523,777.0837380263024,971.1077608781911
bot01_ema_rsi_atr,4660,1757534700000,2025-09-10 20:05:00+00:00,113770.07660999999,4670,1757537700000,2025-09-10 20:55:00+00:00,113507.90469456647,stop_loss,113564.68703808551,113936.01944287172,0.3878017659610734,-0.33020969249751814,776.886208702553,970.2728422742027
bot01_ema_rsi_atr,4746,1757560500000,2025-09-11 03:15:00+00:00,114078.97098,4747,1757560800000,2025-09-11 03:20:00+00:00,114090.31778829494,take_profit,113938.33901064204,114147.39148403695,0.38793436458113545,-0.09006349602449082,776.2182738193621,969.9041901495307
bot01_ema_rsi_atr,4772,1757568600000,2025-09-11 05:30:00+00:00,114299.84135999999,4778,1757570400000,2025-09-11 06:00:00+00:00,114082.34834864426,stop_loss,114139.41805767309,114397.67291349037,0.3873989520404242,-0.2900925808462366,775.9233521196245,969.148048016132
bot01_ema_rsi_atr,4833,1757586900000,2025-09-11 10:35:00+00:00,114109.015995,4842,1757589600000,2025-09-11 11:20:00+00:00,113918.98485067542,stop_loss,113975.97283709396,114166.01574435909,0.3871429187689881,-0.26636819757395447,775.3184384129056,968.4384342695015
bot01_ema_rsi_atr,4850,1757592000000,2025-09-11 12:00:00+00:00,114198.86089499999,4851,1757592300000,2025-09-11 12:05:00+00:00,114187.58960424631,take_profit,114073.17535984905,114244.71196022641,0.3871625883950456,-0.1098600103141932,774.7507474156012,968.0321740552054
bot01_ema_rsi_atr,4957,1757624100000,2025-09-11 20:55:00+00:00,114461.82230999999,4969,1757628000000,2025-09-11 22:00:00+00:00,114469.4780544473,take_profit,114323.20571656007,114526.74142515988,0.3870321995459364,-0.09331821864397455,774.4257392441643,967.6580782143247
bot01_ema_rsi_atr,5048,1757651700000,2025-09-12 04:35:00+00:00,115477.720005,5062,1757655900000,2025-09-12 05:45:00+00:00,115541.99798465703,take_profit,115300.15141093411,115599.79788359883,0.3869773168055093,-0.04439299487848784,774.1264625714598,967.3787180329415
bot01_ema_rsi_atr,5130,1757676300000,2025-09-12 11:25:00+00:00,115188.82562999999,5132,1757676900000,2025-09-12 11:35:00+00:00,114991.78964442994,stop_loss,115049.31430158073,115254.1785476289,0.3864273929227335,-0.27088371941281764,773.9029744263532,966.6616720931822
bot01_ema_rsi_atr,5155,1757683800000,2025-09-12 13:30:00+00:00,115120.801635,5156,1757684100000,2025-09-12 13:35:00+00:00,114907.31205257535,stop_loss,114964.79444980025,115210.98332529965,0.3861131634853,-0.2852628628477047,773.3293376745457,965.9173859121427
bot01_ema_rsi_atr,5159,1757685000000,2025-09-12 13:50:00+00:00,115169.666055,5161,1757685900000,2025-09-12 14:05:00+00:00,115251.65719145456,take_profit,114980.64210174783,115309.31184737825,0.3863111637798103,-0.028879584248355936,772.7339087297141,965.6684676404984
bot01_ema_rsi_atr,5260,1757715600000,2025-09-12 22:20:00+00:00,116307.46466999999,5262,1757716200000,2025-09-12 22:30:00+00:00,116072.3214564902,stop_loss,116130.3866498151,116427.77002527734,0.3856841781135495,-0.3019716197604108,772.5347741123987,964.8927082132631
bot01_ema_rsi_atr,5273,1757719500000,2025-09-12 23:25:00+00:00,116151.98697,5282,1757722200000,2025-09-13 00:10:00+00:00,115938.9530514987,stop_loss,115996.95152726232,116239.42270910651,0.38541051747400623,-0.28322621087639555,771.9141665706104,964.1537104261326
bot01_ema_rsi_atr,5284,1757722800000,2025-09-13 00:20:00+00:00,116155.98896999999,5288,1757724000000,2025-09-13 00:40:00+00:00,116157.51764430663,take_profit,116019.48302864324,116215.62545703514,0.3854711886452617,-0.09868526311395988,771.3229683409061,963.7707744543811
bot01_ema_rsi_atr,5325,1757735100000,2025-09-13 03:45:00+00:00,116074.73836499998,5326,1757735400000,2025-09-13 03:50:00+00:00,115895.81532394663,stop_loss,115953.79222005665,116111.13666991501,0.385018732460215,-0.2539905413788182,771.016619563505,963.0889325552744
bot01_ema_rsi_atr,5431,1757767200000,2025-09-13 12:40:00+00:00,116097.04951499999,5435,1757768400000,2025-09-13 13:00:00+00:00,115944.10941545092,stop_loss,116002.11047068625,116094.4092939706,0.38478946451741575,-0.23160296500883962,770.4711460442195,962.450652372574
bot01_ema_rsi_atr,5463,1757776800000,2025-09-13 15:20:00+00:00,115922.52229499999,5465,1757777400000,2025-09-13 15:30:00+00:00,115738.54480678205,stop_loss,115796.4430282962,115966.8104575557,0.38448258045381567,-0.2585485780424856,769.9605218980593,961.7609794273808
bot01_ema_rsi_atr,5628,1757826600000,2025-09-14 05:10:00+00:00,115836.4893,5633,1757828100000,2025-09-14 05:35:00+00:00,115787.54304764858,take_profit,115734.02281297412,115845.46578053884,0.3844308431899046,-0.14221235156087628,769.4087835419047,961.2953521990287
bot01_ema_rsi_atr,5799,1757878200000,2025-09-14 19:30:00+00:00,115695.07862999999,5801,1757878800000,2025-09-14 19:40:00+00:00,115532.4941698471,stop_loss,115590.28931450433,115707.71602824349,0.38405597336354425,-0.24038788651690018,769.0362817592229,960.6413877800376
bot01_ema_rsi_atr,5877,1757901600000,2025-09-15 02:00:00+00:00,115459.79104499999,5893,1757906400000,2025-09-15 03:20:00+00:00,115524.93104746564,take_profit,115281.66839422002,115582.72240866997,0.3841727132008563,-0.043638506640103755,768.51311022403,960.3655014332339
bot01_ema_rsi_atr,5991,1757936100000,2025-09-15 11:35:00+00:00,115232.52747,5993,1757936700000,2025-09-15 11:45:00+00:00,114999.1478730693,stop_loss,115056.67621117488,115352.33568323767,0.383565512228973,-0.3023267409408054,768.2924011465872,959.5933206769711
bot01_ema_rsi_atr,6014,1757943000000,2025-09-15 13:30:00+00:00,115109.92619999999,6015,1757943300000,2025-09-15 13:35:00+00:00,114874.3220468407,stop_loss,114931.78794081109,115233.31808878336,0.38325298804062535,-0.3044728519738583,767.6746565415768,958.8176461229027
bot01_ema_rsi_atr,6043,1757951700000,2025-09-15 15:55:00+00:00,114921.21188999999,6044,1757952000000,2025-09-15 16:00:00+00:00,114631.39729368506,stop_loss,114688.74166451732,115126.33750322401,0.382852178765597,-0.35193328277441166,767.0541168983221,957.9516777897976
bot01_ema_rsi_atr,6045,1757952300000,2025-09-15 16:05:00+00:00,114849.95628,6055,1757955300000,2025-09-15 16:55:00+00:00,114558.92071876417,stop_loss,114616.22883318075,115057.05675022886,0.3825040667408274,-0.35315162068130007,766.3613422318381,957.084159683523
bot01_ema_rsi_atr,6157,1757985900000,2025-09-16 01:25:00+00:00,115486.93461,6159,1757986500000,2025-09-16 01:35:00+00:00,115279.80080309455,stop_loss,115337.46953786348,115566.84569320478,0.3822992710300174,-0.27917756133830185,765.6673277468184,956.3588844010378
bot01_ema_rsi_atr,6181,1757993400000,2025-09-16 03:30:00+00:00,115436.039175,6188,1757995500000,2025-09-16 04:05:00+00:00,115232.10316012932,stop_loss,115289.74803414638,115511.25294878044,0.3820147080594056,-0.2764891452546739,765.0871075208303,955.6392957688491
bot01_ema_rsi_atr,6401,1758059700000,2025-09-16 21:55:00+00:00,116863.62260999999,6403,1758060300000,2025-09-16 22:05:00+00:00,116873.82639647859,take_profit,116720.50497150002,116932.29254274996,0.38208126182647206,-0.0912773688984964,764.5114366150793,955.2738858851089
bot01_ema_rsi_atr,6489,1758086100000,2025-09-17 05:15:00+00:00,116652.907305,6495,1758087900000,2025-09-17 05:45:00+00:00,116684.22148770677,take_profit,116495.9548106008,116742.59278409882,0.3819697348320643,-0.07318294996088312,764.2191087080871,954.9431514054745
bot01_ema_rsi_atr,6658,1758137100000,2025-09-17 19:25:00+00:00,115830.616365,6678,1758143100000,2025-09-17 21:05:00+00:00,115347.99081921767,stop_loss,115405.69366605069,116323.28450092395,0.3809912850896948,-0.5162482557437587,763.9545211243797,953.767173278171
bot01_ema_rsi_atr,6811,1758183300000,2025-09-18 08:15:00+00:00,117340.94115,6816,1758184800000,2025-09-18 08:40:00+00:00,117126.46868884115,stop_loss,117185.06121945087,117428.1581708237,0.3809678107850911,-0.2825944010656811,763.0137386225367,953.0379003758642
bot01_ema_rsi_atr,6848,1758194400000,2025-09-18 11:20:00+00:00,117352.60698,6851,1758195300000,2025-09-18 11:35:00+00:00,117161.12004088721,stop_loss,117219.72990584013,117405.30514123983,0.3807138448309493,-0.2630091202032391,762.4303203006914,952.3464787917121
bot01_ema_rsi_atr,6869,1758200700000,2025-09-18 13:05:00+00:00,117371.726535,6873,1758201900000,2025-09-18 13:25:00+00:00,117403.70151046787,take_profit,117213.49484877916,117462.43272683128,0.38079995890244955,-0.07278475708296593,761.8771830333696,952.0175155143327
bot01_ema_rsi_atr,6902,1758210600000,2025-09-18 15:50:00+00:00,117654.27773999999,6923,1758216900000,2025-09-18 17:35:00+00:00,117391.19798740375,stop_loss,117449.92294887819,117813.8155766827,0.38019127847180323,-0.3233804651152843,761.6140124114661,951.2120000050338
bot01_ema_rsi_atr,6929,1758218700000,2025-09-18 18:05:00+00:00,117799.57035,6943,1758222900000,2025-09-18 19:15:00+00:00,117562.91564692117,stop_loss,117621.72651017626,117919.16023473561,0.3799127502932684,-0.3006951703417137,760.969600004027,950.4502799459964
bot01_ema_rsi_atr,7023,1758247200000,2025-09-19 02:00:00+00:00,117348.36486,7024,1758247500000,2025-09-19 02:05:00+00:00,117144.17692033708,stop_loss,117202.77830949181,117420.1325357623,0.3796595930934077,-0.2738275194261253,760.3602239567971,949.7401915239012
bot01_ema_rsi_atr,7039,1758252000000,2025-09-19 03:20:00+00:00,117297.62950499999,7040,1758252300000,2025-09-19 03:25:00+00:00,117100.04117670986,stop_loss,117158.62048695332,117359.59426957,0.37938648030561295,-0.2682819514723712,759.792153219121,949.0411567779529
bot01_ema_rsi_atr,7164,1758289800000,2025-09-19 13:50:00+00:00,116480.17098,7165,1758290100000,2025-09-19 13:55:00+00:00,116262.97133021927,stop_loss,116321.13189616734,116573.20215574902,0.3790730745121105,-0.2862827366283583,759.2329254223623,948.3085037357257
bot01_ema_rsi_atr,7170,1758291600000,2025-09-19 14:20:00+00:00,116438.20000499999,7172,1758292200000,2025-09-19 14:30:00+00:00,116205.58442458145,stop_loss,116263.7162827228,116554.45057591579,0.3787552201296015,-0.2995762256958218,758.6468029885806,947.5512288516545
bot01_ema_rsi_atr,7280,1758324600000,2025-09-19 23:30:00+00:00,115595.839035,7284,1758325800000,2025-09-19 23:50:00+00:00,115553.41389916251,take_profit,115489.30366072204,115611.21950891695,0.37876149818902427,-0.13666456427451568,758.0409830813236,947.1029842475982
bot01_ema_rsi_atr,7344,1758343800000,2025-09-20 04:50:00+00:00,115643.422815,7345,1758344100000,2025-09-20 04:55:00+00:00,115491.60649529682,stop_loss,115549.38118588975,115640.00322116539,0.3784033510125242,-0.2311484040264906,757.6823873980786,946.4761588069201
bot01_ema_rsi_atr,7417,1758366000000,2025-09-20 11:00:00+00:00,115861.96203,7421,1758367200000,2025-09-20 11:20:00+00:00,115793.69093819524,take_profit,115772.35550228765,115851.61674656851,0.3782897385471336,-0.15886558411230803,757.1809270455361,945.9864393245
bot01_ema_rsi_atr,7665,1758440700000,2025-09-21 07:45:00+00:00,115774.67841000001,7666,1758441000000,2025-09-21 07:50:00+00:00,115697.96405478078,take_profit,115690.80534948756,115755.84197576866,0.37808013832899356,-0.166195511761739,756.7891514596,945.4831190732295
bot01_ema_rsi_atr,7706,1758453000000,2025-09-21 11:10:00+00:00,115731.03659999999,7707,1758453300000,2025-09-21 11:15:00+00:00,115567.65853290776,stop_loss,115625.47126854202,115744.79309718695,0.37773746933080865,-0.24102931574808817,756.3864952585836,944.8386999292302
bot01_ema_rsi_atr,7785,1758477000000,2025-09-21 17:50:00+00:00,115676.56937999999,7790,1758478500000,2025-09-21 18:15:00+00:00,115498.55294536983,stop_loss,115556.33111092528,115712.40333361208,0.37745599770357674,-0.25373763169905583,755.8709599433842,944.1707294033971
bot01_ema_rsi_atr,7835,1758492000000,2025-09-21 22:00:00+00:00,115468.815555,7836,1758492300000,2025-09-21 22:05:00+00:00,115305.57719229352,stop_loss,115363.25882170437,115482.88676744346,0.3772127695779174,-0.24122871492180442,755.3365835227177,943.5268285962584
bot01_ema_rsi_atr,8015,1758546300000,2025-09-22 13:05:00+00:00,112830.22691999999,8016,1758546600000,2025-09-22 13:10:00+00:00,112881.81706201663,take_profit,112664.2091965872,112938.28620511919,0.3773082228442135,-0.054322034722866355,754.8214628770068,943.2357171448435
bot01_ema_rsi_atr,8025,1758549300000,2025-09-22 13:55:00+00:00,113195.179305,8031,1758551100000,2025-09-22 14:25:00+00:00,113334.74682894503,take_profit,112970.0549665199,113391.44255022013,0.3773380054906349,0.023174818289225445,754.5885737158749,943.0907449154794
bot01_ema_rsi_atr,8151,1758587100000,2025-09-23 00:25:00+00:00,112806.59511,8152,1758587400000,2025-09-23 00:30:00+00:00,112603.25420315849,stop_loss,112659.58399515606,112886.17400726592,0.3767080238632446,-0.28007596606970075,754.4725959323835,942.374380937652
bot01_ema_rsi_atr,8201,1758602400000,2025-09-23 04:40:00+00:00,112337.350605,8205,1758603600000,2025-09-23 05:00:00+00:00,112464.79689392909,take_profit,112121.31171823974,112521.0574226404,0.3769748876915092,0.01333616286521652,753.8995047501215,942.2110162425963
bot01_ema_rsi_atr,8308,1758634500000,2025-09-23 13:35:00+00:00,113009.106315,8309,1758634800000,2025-09-23 13:40:00+00:00,112801.64360579959,stop_loss,112858.07264212065,113094.46603681902,0.37635036705338043,-0.2833969431750836,753.768812994077,941.4890686351334
bot01_ema_rsi_atr,8314,1758636300000,2025-09-23 14:05:00+00:00,113254.90915499999,8315,1758636600000,2025-09-23 14:10:00+00:00,113011.79186663585,stop_loss,113068.32602965066,113393.285955524,0.3760035266108105,-0.31444913327632856,753.1912549081068,940.7092620790067
bot01_ema_rsi_atr,8436,1758673200000,2025-09-24 00:20:00+00:00,112381.35259499999,8438,1758673800000,2025-09-24 00:30:00+00:00,112160.05363568237,stop_loss,112216.16171654064,112488.73242518905,0.37572544854661327,-0.29672094636110685,752.5674096632054,939.9634221978864
bot01_ema_rsi_atr,8601,1758723000000,2025-09-24 14:10:00+00:00,113202.00271499998,8603,1758723600000,2025-09-24 14:20:00+00:00,112970.1113082304,stop_loss,113026.62462054065,113323.63806918902,0.3754126630878394,-0.30464259448311004,751.9707377583092,939.2032964279231
bot01_ema_rsi_atr,8685,1758748200000,2025-09-24 21:10:00+00:00,113640.781995,8690,1758749700000,2025-09-24 21:35:00+00:00,113455.05866047069,stop_loss,113511.81456775457,113692.25314836817,0.3751867965726913,-0.2632667497861286,751.3626371423385,938.521428292158
bot01_ema_rsi_atr,8697,1758751800000,2025-09-24 22:10:00+00:00,113696.42980499999,8698,1758752100000,2025-09-24 22:15:00+00:00,113477.12501559645,stop_loss,113533.89196157723,113798.18705763415,0.37485917331348506,-0.29269337215767366,750.8171426337265,937.7848754011249
bot01_ema_rsi_atr,8721,1758759000000,2025-09-25 00:10:00+00:00,113537.17021499999,8722,1758759300000,2025-09-25 00:15:00+00:00,113340.28661538122,stop_loss,113396.98510793518,113605.59733809721,0.3746014778697497,-0.2732355277542147,750.2279003208998,937.085358607635
bot01_ema_rsi_atr,8993,1758841200000,2025-09-25 23:00:00+00:00,109709.66741999998,8995,1758841800000,2025-09-25 23:10:00+00:00,109447.25006312232,stop_loss,109502.00106365414,109884.09840451878,0.37419888697615666,-0.3389533627124812,749.668286886108,936.263320325483
bot01_ema_rsi_atr,9057,1758860400000,2025-09-26 04:20:00+00:00,109624.134675,9058,1758860700000,2025-09-26 04:25:00+00:00,109395.3407863098,stop_loss,109450.0658192194,109748.27627117092,0.37392765575571707,-0.3084988816368992,749.0106562603864,935.4989729593163
bot01_ema_rsi_atr,9082,1758867900000,2025-09-26 06:25:00+00:00,109543.79452499999,9087,1758869400000,2025-09-26 06:50:00+00:00,109296.96117987901,stop_loss,109351.63699837819,109695.16950243272,0.3735913218925874,-0.3251031314417097,748.399178367453,934.7042141408765
bot01_ema_rsi_atr,9155,1758889800000,2025-09-26 12:30:00+00:00,109400.73302999999,9162,1758892200000,2025-09-26 13:10:00+00:00,109109.46662874286,stop_loss,109164.04865306939,109619.0770203959,0.37319753482739665,-0.3659718329090947,747.7633713127012,933.8338066199233
bot01_ema_rsi_atr,9443,1758976800000,2025-09-27 12:40:00+00:00,109467.75652499999,9444,1758977100000,2025-09-27 12:45:00+00:00,109425.88341007418,take_profit,109368.00085204325,109480.62372193515,0.3732753861445114,-0.13821329964072737,747.0670452959387,933.3891614916448
bot01_ema_rsi_atr,9480,1758987900000,2025-09-27 15:45:00+00:00,109460.172735,9485,1758989400000,2025-09-27 16:10:00+00:00,109294.06860472831,stop_loss,109348.74297621641,109490.56053567538,0.37288598930289085,-0.2515967150382177,746.7113291933158,932.7332780408731
bot01_ema_rsi_atr,9507,1758996000000,2025-09-27 18:00:00+00:00,109420.76303999999,9531,1759003200000,2025-09-27 20:00:00+00:00,109377.493895,time_stop,109298.08258669203,109468.07611996194,0.37283307066250415,-0.13950427199925372,746.1866224326984,932.2867510719736
bot01_ema_rsi_atr,9546,1759007700000,2025-09-27 21:15:00+00:00,109471.00815,9550,1759008900000,2025-09-27 21:35:00+00:00,109384.86507696005,take_profit,109400.77675373683,109439.58486939475,0.3725816659400214,-0.17861161728682226,745.8294008575789,931.7675922674799
bot01_ema_rsi_atr,9660,1759042200000,2025-09-28 06:50:00+00:00,109466.39584499999,9663,1759043100000,2025-09-28 07:05:00+00:00,109325.5134486173,stop_loss,109380.2035503925,109458.91967441126,0.3722810877014662,-0.22857051965572678,745.4140738139839,931.1557154927061
bot01_ema_rsi_atr,9725,1759061700000,2025-09-28 12:15:00+00:00,109444.31481,9730,1759063200000,2025-09-28 12:40:00+00:00,109283.60593982467,stop_loss,109338.27507736335,109466.63738395498,0.3720028652802242,-0.2466939252019203,744.9245723941649,930.5105228536662
bot01_ema_rsi_atr,9941,1759126800000,2025-09-29 06:20:00+00:00,111832.498305,9946,1759128300000,2025-09-29 06:45:00+00:00,111647.51528418437,stop_loss,111703.36696766819,111886.4745484977,0.3717105819053337,-0.2652453809006691,744.408418282933,929.8312871401988
bot01_ema_rsi_atr,10024,1759152000000,2025-09-29 13:20:00+00:00,112277.960925,10026,1759152600000,2025-09-29 13:30:00+00:00,112048.55175859413,stop_loss,112104.60406062444,112397.71890906335,0.3713669576140899,-0.3041182039212148,743.8650297121591,929.0803291980232
bot01_ema_rsi_atr,10073,1759166700000,2025-09-29 17:25:00+00:00,113952.277665,10078,1759168200000,2025-09-29 17:50:00+00:00,114071.34961682302,take_profit,113739.94078417675,114128.41382373488,0.3716402859017296,0.00438833019282207,743.2642633584185,928.9026592004814
bot01_ema_rsi_atr,10140,1759186800000,2025-09-29 23:00:00+00:00,114389.716275,10141,1759187100000,2025-09-29 23:05:00+00:00,114203.73881538234,stop_loss,114260.86925000734,114440.07112498899,0.37107353888767347,-0.2624197420958748,743.1221273603851,928.2298414009147
bot01_ema_rsi_atr,10159,1759192500000,2025-09-30 00:35:00+00:00,114418.450635,10161,1759193400000,2025-09-30 00:50:00+00:00,114448.84201270783,take_profit,114264.71995984137,114506.09506023795,0.3711555518316316,-0.07346495590385889,742.5838731207317,927.9079470886289
bot01_ema_rsi_atr,10293,1759233000000,2025-09-30 11:50:00+00:00,113108.53600499999,10302,1759235700000,2025-09-30 12:35:00+00:00,113161.16086755694,take_profit,112941.50349837789,113217.76975243316,0.3710638545682058,-0.05352053916418995,742.3263576709031,927.6231405562326
bot01_ema_rsi_atr,10328,1759243500000,2025-09-30 14:45:00+00:00,113566.75499999999,10333,1759245000000,2025-09-30 15:10:00+00:00,113252.4080953393,stop_loss,113309.06262665262,113811.40606002107,0.370350722540874,-0.3765180336059107,742.098512444986,926.7397807801838
bot01_ema_rsi_atr,10438,1759276800000,2025-10-01 00:00:00+00:00,114263.74332,10442,1759278000000,2025-10-01 00:20:00+00:00,114041.5844407343,stop_loss,114098.63375761309,114368.64936358036,0.3701505593681201,-0.29423197064786116,741.391824624147,926.0096252330183
bot01_ema_rsi_atr,10489,1759292100000,2025-10-01 04:15:00+00:00,114558.0504,10492,1759293000000,2025-10-01 04:30:00+00:00,114622.02869987497,take_profit,114381.754410622,114679.368384067,0.37032197617830426,-0.044207917861787134,740.8077001864146,925.7426312669836
bot01_ema_rsi_atr,10528,1759303800000,2025-10-01 07:30:00+00:00,114613.89830999999,10537,1759306500000,2025-10-01 08:15:00+00:00,114670.9034125251,take_profit,114442.18830246784,114728.26754629824,0.3702038985507118,-0.05031309617568271,740.5941050135868,925.4644219386046
bot01_ema_rsi_atr,10804,1759387200000,2025-10-02 06:40:00+00:00,118698.89979,10805,1759387500000,2025-10-02 06:45:00+00:00,118467.97135808182,stop_loss,118527.2349755696,118808.0975366456,0.36964093821516275,-0.29435521634523737,740.3715375508837,924.7350433244981
bot01_ema_rsi_atr,10826,1759393800000,2025-10-02 08:30:00+00:00,118694.74771499999,10841,1759398300000,2025-10-02 09:45:00+00:00,118725.89229676158,take_profit,118535.52670717919,118785.28493923119,0.3697575504539664,-0.07378701435506929,739.7880346595985,924.4137659068762
bot01_ema_rsi_atr,11002,1759446900000,2025-10-02 23:15:00+00:00,120582.811275,11004,1759447500000,2025-10-02 23:25:00+00:00,120331.64042186354,stop_loss,120391.83634003355,120718.62048994968,0.3691959027592472,-0.3080890963066545,739.5310127255009,923.6598491537949
bot01_ema_rsi_atr,11047,1759460400000,2025-10-03 03:00:00+00:00,120418.91937,11052,1759461900000,2025-10-03 03:25:00+00:00,120179.29971906487,stop_loss,120239.41942877926,120537.72085683112,0.36891198014182525,-0.2987893866981749,738.9278793230359,922.9237096237911
bot01_ema_rsi_atr,11165,1759496100000,2025-10-03 12:55:00+00:00,120404.11197,11166,1759496400000,2025-10-03 13:00:00+00:00,120187.96484513191,stop_loss,120248.08888957668,120487.71666563499,0.36865386752446583,-0.27933854102676237,738.3389676990329,922.2240241731407
bot01_ema_rsi_atr,11170,1759497600000,2025-10-03 13:20:00+00:00,120492.83630999998,11172,1759498200000,2025-10-03 13:30:00+00:00,120531.88300487514,take_profit,120326.2472703851,120592.17909442235,0.36876487594996,-0.06762658314399327,737.7792193385126,921.914970382729
bot01_ema_rsi_atr,11185,1759502100000,2025-10-03 14:35:00+00:00,120736.12789499998,11193,1759504500000,2025-10-03 15:15:00+00:00,120934.16328234914,take_profit,120463.20959156302,120994.66061265545,0.36888373380874795,0.06385928173367147,737.5319763061832,921.8482152986531
bot01_ema_rsi_atr,11529,1759605600000,2025-10-04 19:20:00+00:00,121917.29818499999,11537,1759608000000,2025-10-04 20:00:00+00:00,121909.45789434883,take_profit,121780.32125606215,121970.44311590678,0.36854307183992463,-0.10642439627280482,737.4785722389225,921.4678275903364
bot01_ema_rsi_atr,11786,1759683300000,2025-10-05 16:55:00+00:00,123349.30382999999,11793,1759685400000,2025-10-05 17:30:00+00:00,123046.1386329037,stop_loss,123107.69247914327,123557.61128128509,0.3679503377646135,-0.3455320155812009,737.1742620722691,920.6473775465688
bot01_ema_rsi_atr,11831,1759696800000,2025-10-05 20:40:00+00:00,123012.67559999999,11834,1759697700000,2025-10-05 20:55:00+00:00,122747.39403000585,stop_loss,122808.79842922045,123164.80235616931,0.36767813632388413,-0.3154381953985893,736.517902037255,919.8830141910107
bot01_ema_rsi_atr,11847,1759701600000,2025-10-05 22:00:00+00:00,123125.15181,11849,1759702200000,2025-10-05 22:10:00+00:00,122878.24693627785,stop_loss,122939.71679467519,123249.47480798721,0.3674006667245691,-0.3003310982544506,735.9064113528086,919.1470511752892
bot01_ema_rsi_atr,12007,1759749900000,2025-10-06 11:25:00+00:00,124428.69325499999,12008,1759750200000,2025-10-06 11:30:00+00:00,124172.15250967228,stop_loss,124234.26964449452,124564.87053325822,0.3670963599503793,-0.30596873428314764,735.3176409402314,918.4013237058375
bot01_ema_rsi_atr,12212,1759811700000,2025-10-07 04:35:00+00:00,124696.987335,12216,1759812900000,2025-10-07 04:55:00+00:00,124449.03647512084,stop_loss,124511.29212118142,124819.73681822786,0.3668119796495458,-0.29864386005879573,734.72105896467,917.6696421581398
bot01_ema_rsi_atr,12422,1759875000000,2025-10-07 22:10:00+00:00,122087.19308999999,12428,1759876800000,2025-10-07 22:40:00+00:00,121788.98752752281,stop_loss,121849.91248376468,122290.58127435295,0.3664364781925594,-0.3440119633966008,734.1357137265119,916.8553609376823
bot01_ema_rsi_atr,12453,1759884300000,2025-10-08 00:45:00+00:00,122047.91346,12458,1759885800000,2025-10-08 01:10:00+00:00,121730.2270221751,stop_loss,121791.12258346681,122280.61612479977,0.36608194214231227,-0.360036195941274,733.4842887501459,916.0124478349669
bot01_ema_rsi_atr,12540,1759910400000,2025-10-08 08:00:00+00:00,121887.86347499999,12541,1759910700000,2025-10-08 08:05:00+00:00,121610.35592262443,stop_loss,121671.19151838361,122060.58772242458,0.3658050884447387,-0.32744679980386576,732.8099582679736,915.2299545468411
bot01_ema_rsi_atr,12638,1759940100000,2025-10-08 16:15:00+00:00,122733.17592,12646,1759942500000,2025-10-08 16:55:00+00:00,122989.51120131784,take_profit,122419.04218688155,123051.03671967768,0.36629085558242414,0.1086468830591123,732.1839636374729,915.2455834458558
bot01_ema_rsi_atr,12724,1759965900000,2025-10-08 23:25:00+00:00,123544.931595,12727,1759966800000,2025-10-08 23:40:00+00:00,123323.85363128058,stop_loss,123385.54640448281,123629.65539327578,0.365587953857861,-0.2787664478861098,732.1964667566847,914.5527650882059
bot01_ema_rsi_atr,13082,1760073900000,2025-10-10 05:25:00+00:00,121440.50991,13083,1760074200000,2025-10-10 05:30:00+00:00,121185.33720305089,stop_loss,121245.96018314245,121580.60972528634,0.3652542452897245,-0.30991144917874347,731.6422120705647,913.803560650376
bot01_ema_rsi_atr,13122,1760085900000,2025-10-10 08:45:00+00:00,121431.60545999999,13124,1760086500000,2025-10-10 08:55:00+00:00,121481.44613248874,take_profit,121256.72183926047,121542.21724110929,0.36541360126992417,-0.058996810074566766,731.0428485203008,913.5130847710099
bot01_ema_rsi_atr,13361,1760158200000,2025-10-11 04:50:00+00:00,112827.235425,13366,1760159700000,2025-10-11 05:15:00+00:00,112370.23781774192,stop_loss,112426.45104326354,113287.44843510471,0.36448324911534324,-0.5046368839324341,730.8104678168079,912.409319345788
bot01_ema_rsi_atr,13468,1760190300000,2025-10-11 13:45:00+00:00,112367.71578,13475,1760192400000,2025-10-11 14:20:00+00:00,112061.35200753887,stop_loss,112117.4107128953,112602.78393065705,0.36428421764884955,-0.3723713003901167,729.9274554766305,911.5480069025427
bot01_ema_rsi_atr,13627,1760238300000,2025-10-12 03:05:00+00:00,111137.55100499999,13628,1760238600000,2025-10-12 03:10:00+00:00,110681.34137885834,stop_loss,110736.7097337252,111599.96039941219,0.36368927704841775,-0.510080492501576,729.2384055220342,910.4367015142755
bot01_ema_rsi_atr,13708,1760262600000,2025-10-12 09:50:00+00:00,111779.171655,13710,1760263200000,2025-10-12 10:00:00+00:00,111894.16706430983,take_profit,111572.08857641499,111950.14213537752,0.36417973250351693,0.00277443659636725,728.3493612114204,910.2596610198816
bot01_ema_rsi_atr,13879,1760314200000,2025-10-13 00:10:00+00:00,115279.75107,13880,1760314500000,2025-10-13 00:15:00+00:00,115555.89443809864,take_profit,114961.099140838,115613.701288743,0.36435746714040396,0.13930241188933665,728.2077288159053,910.3309582173964
bot01_ema_rsi_atr,13911,1760323800000,2025-10-13 02:50:00+00:00,115466.74452,13917,1760325600000,2025-10-13 03:20:00+00:00,115122.46273332494,stop_loss,115180.05275970478,115752.52086044283,0.3634080017131789,-0.39786715328136957,728.2647665739171,909.4252348335469
bot01_ema_rsi_atr,13952,1760336100000,2025-10-13 06:15:00+00:00,115091.46697499999,13955,1760337000000,2025-10-13 06:30:00+00:00,115278.34685841772,take_profit,114832.57342276623,115336.01486585064,0.36388324957546836,0.06221272388062469,727.5401878668375,909.3563922729877
bot01_ema_rsi_atr,14029,1760359500000,2025-10-13 12:45:00+00:00,114677.64016499999,14031,1760360100000,2025-10-13 12:55:00+00:00,114314.81020551751,stop_loss,114371.99620361932,114992.83069457104,0.36298583633885356,-0.41607480673780795,727.4851138183901,908.4185571447618
bot01_ema_rsi_atr,14038,1760362200000,2025-10-13 13:30:00+00:00,115202.142285,14039,1760362500000,2025-10-13 13:35:00+00:00,114768.10190777938,stop_loss,114825.51466511193,115623.15300233211,0.3625019045665431,-0.4763873902367878,726.7348457158095,907.3722206602625
bot01_ema_rsi_atr,14069,1760371500000,2025-10-13 16:05:00+00:00,115029.616065,14072,1760372400000,2025-10-13 16:20:00+00:00,114579.19044994394,stop_loss,114636.50870429608,115475.56194355589,0.36205751840198885,-0.49118203192710497,725.89777652821,906.3002677238763
bot01_ema_rsi_atr,14091,1760378100000,2025-10-13 17:55:00+00:00,115113.197835,14094,1760379000000,2025-10-13 18:10:00+00:00,114714.33857336514,stop_loss,114771.72443558292,115481.58834662562,0.3617114215519777,-0.4461465842903293,725.0402141791011,905.3111308182963
bot01_ema_rsi_atr,14510,1760504400000,2025-10-15 05:00:00+00:00,112495.65972,14515,1760505900000,2025-10-15 05:25:00+00:00,112198.20977579757,stop_loss,112254.3369442697,112717.09458359545,0.36146512194170416,-0.36414574126490407,724.248904654637,904.4713975369039
bot01_ema_rsi_atr,14619,1760537400000,2025-10-15 14:10:00+00:00,112089.23660999999,14623,1760538600000,2025-10-15 14:30:00+00:00,111657.75465300967,stop_loss,111713.61145873903,112512.63281189147,0.3609120175217419,-0.4845600952151249,723.577118029523,903.4148383058698
bot01_ema_rsi_atr,14717,1760566800000,2025-10-15 22:20:00+00:00,111362.03319,14722,1760568300000,2025-10-15 22:45:00+00:00,111005.1318604004,stop_loss,111060.66219149614,111674.9567127558,0.3606067652028496,-0.4201669528264498,722.7318706446958,902.4757443888298
bot01_ema_rsi_atr,14751,1760577000000,2025-10-16 01:10:00+00:00,111061.32291,14753,1760577600000,2025-10-16 01:20:00+00:00,110761.08318176106,stop_loss,110816.49142747479,111289.81285878785,0.36032234557647874,-0.3700665548111384,721.9805955110638,901.6279650130779
bot01_ema_rsi_atr,14814,1760596200000,2025-10-16 06:30:00+00:00,111522.91358999998,14820,1760598000000,2025-10-16 07:00:00+00:00,111683.98532814189,take_profit,111285.39649615348,111739.85525576977,0.36073104292007074,0.04428484804059635,721.3023720104622,901.5274164779999
bot01_ema_rsi_atr,14853,1760607900000,2025-10-16 09:45:00+00:00,111696.10014,14854,1760608200000,2025-10-16 09:50:00+00:00,111226.60406712341,stop_loss,111282.24518971826,112177.3322154226,0.35967353473103825,-0.5199131180191875,721.2219331823999,900.4106165664027
bot01_ema_rsi_atr,15015,1760656800000,2025-10-16 23:20:00+00:00,108455.030415,15016,1760657100000,2025-10-16 23:25:00+00:00,108159.731095712,stop_loss,108213.83801471935,108681.31797792096,0.35949433060528446,-0.37200584319592095,720.3284932531221,899.561288337834
bot01_ema_rsi_atr,15157,1760699400000,2025-10-17 11:10:00+00:00,105860.904,15158,1760699700000,2025-10-17 11:15:00+00:00,106342.5412604215,take_profit,105416.17391334234,106395.73912998648,0.3604623345645536,0.3545168281966257,719.6490306702672,900.018557490357
bot01_ema_rsi_atr,15184,1760707800000,2025-10-17 13:30:00+00:00,105930.268665,15186,1760708400000,2025-10-17 13:40:00+00:00,105490.58259012256,stop_loss,105543.35426725619,106378.29359911571,0.3590810227990791,-0.514656164227846,720.0148459922856,898.9130799819923
bot01_ema_rsi_atr,15238,1760724000000,2025-10-17 18:00:00+00:00,106666.04637,15245,1760726100000,2025-10-17 18:35:00+00:00,107020.09399902092,take_profit,106305.47945704793,107073.63081442812,0.359981589943436,0.23158966084204125,719.1304639855938,899.1492389586842
bot01_ema_rsi_atr,15266,1760732400000,2025-10-17 20:20:00+00:00,106971.368955,15275,1760735100000,2025-10-17 21:05:00+00:00,107176.6912853643,take_profit,106709.64570761095,107230.30643858359,0.35982468847371535,0.09174944663951463,719.3193911669474,899.1342370082439
bot01_ema_rsi_atr,15467,1760793000000,2025-10-18 13:10:00+00:00,107102.07427499999,15468,1760793300000,2025-10-18 13:15:00+00:00,106898.42794889021,stop_loss,106951.90390084063,107193.51914873907,0.3591322830148004,-0.28995213786551177,719.307389606595,898.4335197841335
bot01_ema_rsi_atr,15487,1760799000000,2025-10-18 14:50:00+00:00,107002.05429,15496,1760801700000,2025-10-18 15:35:00+00:00,106774.32940744299,stop_loss,106827.74327908253,107129.83508137622,0.3588116891571971,-0.31261008415584457,718.7468158273068,897.6926760424768
bot01_ema_rsi_atr,15595,1760831700000,2025-10-18 23:55:00+00:00,107233.96018499999,15597,1760832300000,2025-10-19 00:05:00+00:00,107061.2693043539,stop_loss,107114.82671771276,107278.68492343085,0.35860868996049283,-0.26088018149083697,718.1541408339815,897.045225431227
bot01_ema_rsi_atr,15600,1760833200000,2025-10-19 00:20:00+00:00,107194.65054,15602,1760833800000,2025-10-19 00:30:00+00:00,106997.13988192339,stop_loss,107050.66521453064,107276.70217820404,0.3583084429748197,-0.28406995724559353,717.6361803449815,896.3566788356671
bot01_ema_rsi_atr,15636,1760844000000,2025-10-19 03:20:00+00:00,107139.92319,15639,1760844900000,2025-10-19 03:35:00+00:00,107147.26539365237,take_profit,107010.05611562291,107200.86582656564,0.35837567321840147,-0.09315394184508967,717.0853430685337,896.0105761823504
bot01_ema_rsi_atr,15861,1760911800000,2025-10-19 22:10:00+00:00,109119.63255,15862,1760912100000,2025-10-19 22:15:00+00:00,109168.82409726434,take_profit,108959.5427898854,109223.43581517192,0.35830573257092735,-0.05496469831442386,716.8084609458804,895.7329746630032
bot01_ema_rsi_atr,15911,1760926800000,2025-10-20 02:20:00+00:00,108512.68923,15914,1760927700000,2025-10-20 02:35:00+00:00,108713.47404560921,take_profit,108252.19468360234,108767.85797459651,0.3584451929852884,0.08484845617312829,716.5863797304025,895.7056791850375
bot01_ema_rsi_atr,16047,1760967900000,2025-10-20 13:45:00+00:00,111111.76812,16050,1760968800000,2025-10-20 14:00:00+00:00,111218.6629431944,take_profit,110910.866604506,111274.30009324102,0.35827530051716205,-0.00389143276355884,716.56454334803,895.5195738635044
bot01_ema_rsi_atr,16251,1761029400000,2025-10-21 06:50:00+00:00,108058.22211,16254,1761030300000,2025-10-21 07:05:00+00:00,107752.84732875202,stop_loss,107806.75070410407,108300.42394384391,0.3575230803968962,-0.38231947602856964,716.4156590908035,894.6564055493745
bot01_ema_rsi_atr,16259,1761031800000,2025-10-21 07:30:00+00:00,108164.78536499999,16265,1761033600000,2025-10-21 08:00:00+00:00,107884.5775567207,stop_loss,107938.54683013576,108369.00475479635,0.35722056152098,-0.3587973521385886,715.7251244394996,893.8361155701936
bot01_ema_rsi_atr,16296,1761042900000,2025-10-21 10:35:00+00:00,108054.01000499999,16298,1761043500000,2025-10-21 10:45:00+00:00,108157.75392107706,take_profit,107858.7767659983,108211.85985100256,0.35752714386572537,-0.0040848440921222775,715.0688924561548,893.6500532870898
bot01_ema_rsi_atr,16332,1761053700000,2025-10-21 13:35:00+00:00,108859.432515,16333,1761054000000,2025-10-21 13:40:00+00:00,108442.03182061693,stop_loss,108496.27996059722,109268.15505910417,0.3565966705340429,-0.48304746226858564,714.9200426296718,892.6088358464201
bot01_ema_rsi_atr,16549,1761119100000,2025-10-22 07:45:00+00:00,108254.28008999999,16564,1761123900000,2025-10-22 09:05:00+00:00,107990.44914540517,stop_loss,108044.47138109572,108433.74292835641,0.35643036493568936,-0.3434703860494876,714.0870686771361,891.8177578457751
bot01_ema_rsi_atr,16634,1761144900000,2025-10-22 14:55:00+00:00,109004.545035,16637,1761145800000,2025-10-22 15:10:00+00:00,108473.07420994462,stop_loss,108527.33787888406,109584.16818167393,0.35567996637312904,-0.5870800149295233,713.4542062766201,890.5933046657901
bot01_ema_rsi_atr,16864,1761214200000,2025-10-23 10:10:00+00:00,109643.424315,16869,1761215700000,2025-10-23 10:35:00+00:00,109391.24321874311,stop_loss,109445.96620184403,109802.62569723396,0.35564993797767686,-0.3297711118879675,712.4746437326321,889.8283895001064
bot01_ema_rsi_atr,16879,1761218700000,2025-10-23 11:25:00+00:00,109589.76749999999,16880,1761219000000,2025-10-23 11:30:00+00:00,109347.18576646637,stop_loss,109401.88670982128,109734.66993526807,0.3553598492613882,-0.3211330102512339,711.862711600085,889.0794887900906
bot01_ema_rsi_atr,16905,1761226500000,2025-10-23 13:35:00+00:00,109631.06813999999,16906,1761226800000,2025-10-23 13:40:00+00:00,109310.47674125995,stop_loss,109365.1593209204,109892.9610186194,0.3549345170051771,-0.39213507883760274,711.2635910320726,888.2050916599843
bot01_ema_rsi_atr,17138,1761296700000,2025-10-24 09:05:00+00:00,111277.621005,17146,1761299100000,2025-10-24 09:45:00+00:00,111405.73282836287,take_profit,111062.37429323804,111461.46356014293,0.35530870588021257,0.015012983188930755,710.5640733279874,888.0540931886549
bot01_ema_rsi_atr,17178,1761309000000,2025-10-24 12:30:00+00:00,111620.74248,17179,1761309300000,2025-10-24 12:35:00+00:00,111284.31635373569,stop_loss,111339.98634690914,111902.42047963632,0.35450924084752833,-0.4010996815383782,710.4432745509239,887.1647983385114
bot01_ema_rsi_atr,17460,1761393900000,2025-10-25 12:05:00+00:00,111669.33676499999,17468,1761396300000,2025-10-25 12:45:00+00:00,111669.36289357311,take_profit,111539.06632911583,111725.22550632627,0.3546885278502735,-0.09997662523544196,709.7318386708091,886.8101512851977
bot01_ema_rsi_atr,17584,1761431400000,2025-10-25 22:30:00+00:00,111613.3788,17588,1761432600000,2025-10-25 22:50:00+00:00,111589.07709185345,take_profit,111499.40030558384,111644.89954162425,0.35450811986411196,-0.12175134083334106,709.4481210281581,886.4170645456234
bot01_ema_rsi_atr,17664,1761455400000,2025-10-26 05:10:00+00:00,111545.38481999999,17669,1761456900000,2025-10-26 05:35:00+00:00,111516.3669773775,take_profit,111434.63129739703,111572.15305390445,0.35434346934008976,-0.1259883677183495,709.1336516364987,886.0166480110329
bot01_ema_rsi_atr,17824,1761503700000,2025-10-26 18:35:00+00:00,113821.512315,17827,1761504600000,2025-10-26 18:50:00+00:00,113609.26288474358,stop_loss,113666.09593270993,113912.43110093514,0.3538993452157831,-0.28628919657941265,708.8133184088263,885.3326380067891
bot01_ema_rsi_atr,18027,1761564900000,2025-10-27 11:35:00+00:00,115489.665975,18032,1761566400000,2025-10-27 12:00:00+00:00,115245.52785346721,stop_loss,115303.1794431888,115625.1058352168,0.35358205512546803,-0.31118251693969884,708.2661104054313,884.6051224020174
bot01_ema_rsi_atr,18233,1761627000000,2025-10-28 04:50:00+00:00,114084.85392,18236,1761627900000,2025-10-28 05:05:00+00:00,113833.65277208971,stop_loss,113890.59807112526,114233.70289331209,0.35327595864567185,-0.3199678030339972,707.6840979216139,883.862677152717
bot01_ema_rsi_atr,18597,1761736800000,2025-10-29 11:20:00+00:00,113215.19931,18601,1761738000000,2025-10-29 11:40:00+00:00,112975.08200103596,stop_loss,113031.59779993592,113349.1533000961,0.3529937576313038,-0.311877197688132,707.0901417221736,883.1351427007332
bot01_ema_rsi_atr,18817,1761803100000,2025-10-30 05:45:00+00:00,110311.398135,18828,1761806400000,2025-10-30 06:40:00+00:00,110744.01280762334,take_profit,109894.17499074648,110799.41251388028,0.35376942592865057,0.29178368260894993,706.5081141605866,883.473369151702
bot01_ema_rsi_atr,18993,1761856200000,2025-10-30 20:30:00+00:00,107245.41591,19004,1761859500000,2025-10-30 21:25:00+00:00,107604.05978001896,take_profit,106881.10751707925,107657.88872438115,0.35380295412592894,0.23407975819649973,706.7786953213615,883.7098673366545
bot01_ema_rsi_atr,19137,1761899400000,2025-10-31 08:30:00+00:00,109762.43379,19141,1761900600000,2025-10-31 08:50:00+00:00,109936.75284180706,take_profit,109518.13418922324,109991.74871616514,0.35358761678036926,0.05865604172773653,706.9678938693236,883.6366915390489
bot01_ema_rsi_atr,19176,1761911400000,2025-10-31 11:50:00+00:00,110215.05999,19177,1761911700000,2025-10-31 11:55:00+00:00,110375.67734015611,take_profit,109979.37147563374,110430.89278654938,0.3535352379936173,0.04558512495527016,706.9093532312392,883.5404450173609
bot01_ema_rsi_atr,19209,1761921300000,2025-10-31 14:35:00+00:00,110081.43320999999,19212,1761922200000,2025-10-31 14:50:00+00:00,110399.29691860461,take_profit,109741.01721287002,110454.52418069495,0.35374921000567694,0.18846449000190446,706.8323560138887,883.6964358950911
bot01_ema_rsi_atr,19266,1761938400000,2025-10-31 19:20:00+00:00,109783.20417,19268,1761939000000,2025-10-31 19:30:00+00:00,110044.87705426355,take_profit,109480.61532148503,110099.92701777242,0.3537226793294038,0.13811585146893635,706.9571487160729,883.7635574743081
bot01_ema_rsi_atr,19331,1761957900000,2025-11-01 00:45:00+00:00,109785.94554,19334,1761958800000,2025-11-01 01:00:00+00:00,109810.19812498678,take_profit,109641.71287311203,109865.13069033195,0.3533676773061859,-0.07793129868980796,707.0108459794465,883.4491968249594
bot01_ema_rsi_atr,19349,1761963300000,2025-11-01 02:15:00+00:00,109802.88400499999,19352,1761964200000,2025-11-01 02:30:00+00:00,109593.6627873456,stop_loss,109648.48703086103,109897.29445370845,0.35286665623041213,-0.290352009722454,706.7593574599675,882.7599975085224
bot01_ema_rsi_atr,19410,1761981900000,2025-11-01 07:25:00+00:00,110236.97094,19413,1761982800000,2025-11-01 07:40:00+00:00,110040.25538803382,stop_loss,110095.30303955359,110311.74544066963,0.3526127087340435,-0.27826944512215546,706.2079980068179,882.0926465299245
bot01_ema_rsi_atr,19417,1761984000000,2025-11-01 08:00:00+00:00,110206.07549999999,19420,1761984900000,2025-11-01 08:15:00+00:00,110218.77680324194,take_profit,110069.057493252,110273.913760122,0.3526809520707536,-0.08848647691959907,705.6741172239397,881.7602775659436
bot01_ema_rsi_atr,19471,1762000200000,2025-11-01 12:30:00+00:00,110194.699815,19474,1762001100000,2025-11-01 12:45:00+00:00,110025.31335948012,stop_loss,110080.35353624824,110228.54469562764,0.3522569494128046,-0.2535618948537926,705.4082220527549,881.1372110584712
bot01_ema_rsi_atr,19638,1762050600000,2025-11-02 02:30:00+00:00,110281.93341,19639,1762050900000,2025-11-02 02:35:00+00:00,110095.80323693209,stop_loss,110150.87867627022,110340.7319855947,0.35198152360619295,-0.2686078917419351,704.909768846777,880.4880961598811
bot01_ema_rsi_atr,19655,1762055700000,2025-11-02 03:55:00+00:00,110106.555765,19660,1762057200000,2025-11-02 04:20:00+00:00,110087.01917239784,take_profit,109991.15652166227,110142.09021750659,0.3519879264717541,-0.11772560759343212,704.390476927905,880.104893860443
bot01_ema_rsi_atr,19794,1762097700000,2025-11-02 15:35:00+00:00,110602.2735,19795,1762098000000,2025-11-02 15:40:00+00:00,110372.65684083645,stop_loss,110427.87077622456,110725.69383566316,0.35150087235414135,-0.30739812595659566,704.0839150883544,879.3883287768251
bot01_ema_rsi_atr,19884,1762124700000,2025-11-02 23:05:00+00:00,110341.59322499999,19885,1762125000000,2025-11-02 23:10:00+00:00,110436.25149934686,take_profit,110149.7518346861,110491.49724797084,0.351730182392335,-0.014299210924303352,703.5106630214601,879.187327141793
bot01_ema_rsi_atr,20003,1762160700000,2025-11-03 09:05:00+00:00,107820.653385,20006,1762161600000,2025-11-03 09:20:00+00:00,107512.81412034464,stop_loss,107566.59741905416,108067.02887141876,0.350997561034708,-0.3852249691833903,703.3498617134344,878.3347972241775
bot01_ema_rsi_atr,20029,1762168500000,2025-11-03 11:15:00+00:00,107773.23969,20031,1762169100000,2025-11-03 11:25:00+00:00,107448.46574329217,stop_loss,107502.21685171803,108045.12472242296,0.3506294100782295,-0.40104799085040177,702.667837779342,877.4553259621026
bot01_ema_rsi_atr,20130,1762198800000,2025-11-03 19:40:00+00:00,107320.29333,20134,1762200000000,2025-11-03 20:00:00+00:00,106948.07047815961,stop_loss,107001.5712637915,107664.29310431278,0.35019858597811504,-0.44648678031949196,701.9642607696821,876.4970740345909
bot01_ema_rsi_atr,20178,1762213500000,2025-11-03 23:45:00+00:00,106579.473105,20183,1762215000000,2025-11-04 00:10:00+00:00,106257.80763010618,stop_loss,106310.963111662,106849.08033250703,0.3498949914466615,-0.4015062845191014,701.1976592276727,875.6186402907762
bot01_ema_rsi_atr,20315,1762254600000,2025-11-04 11:10:00+00:00,104250.26908499999,20320,1762256100000,2025-11-04 11:35:00+00:00,104493.36949952651,take_profit,103966.52178620876,104545.64232068685,0.35048029371637907,0.13295605492775753,700.4949122326209,875.6761213251864
bot01_ema_rsi_atr,20359,1762267800000,2025-11-04 14:50:00+00:00,104599.25348999999,20362,1762269000000,2025-11-04 15:10:00+00:00,104167.20153462925,stop_loss,104219.31119022435,105038.48321466346,0.34937263273152486,-0.5126414759323709,700.5408970601491,874.6040681181701
bot01_ema_rsi_atr,20608,1762343100000,2025-11-05 11:45:00+00:00,101922.08557499999,20614,1762344900000,2025-11-05 12:15:00+00:00,102107.52794036089,take_profit,101679.51183734473,102158.60724398287,0.3499846482371012,0.08176327726262253,699.6832544945361,874.5720252733897
bot01_ema_rsi_atr,20881,1762425300000,2025-11-06 10:35:00+00:00,103323.91613999999,20882,1762425600000,2025-11-06 10:40:00+00:00,103076.4249502892,stop_loss,103127.98894476159,103488.71658285763,0.349235343194428,-0.33928990281984256,699.6576202187118,873.8042374203221
bot01_ema_rsi_atr,20914,1762435200000,2025-11-06 13:20:00+00:00,103597.75299,20916,1762435800000,2025-11-06 13:30:00+00:00,103291.27445457038,stop_loss,103342.94592753414,103850.53110869878,0.34883044716417644,-0.395539283485952,699.0433899362577,872.9389200166895
bot01_ema_rsi_atr,21050,1762476300000,2025-11-07 00:45:00+00:00,101591.05013999999,21054,1762477500000,2025-11-07 01:05:00+00:00,101259.80251192357,stop_loss,101310.45774079397,101885.01338880905,0.34843228881261945,-0.425733792486955,698.3511360133516,872.0217963178238
bot01_ema_rsi_atr,21100,1762491300000,2025-11-07 04:55:00+00:00,102065.42721,21102,1762491900000,2025-11-07 05:05:00+00:00,102228.90328051936,take_profit,101837.33779855304,102280.04330217044,0.3489133746604647,0.06000775082519557,697.6174370542591,871.9519434357621
bot01_ema_rsi_atr,21216,1762526400000,2025-11-07 14:40:00+00:00,100851.96078,21217,1762526700000,2025-11-07 14:45:00+00:00,100401.92120149542,stop_loss,100452.14727513299,101325.67908730052,0.34782896933467067,-0.5457915695925771,697.5615547486098,870.8266968154804
bot01_ema_rsi_atr,21366,1762571700000,2025-11-08 03:15:00+00:00,103317.89312999998,21369,1762572600000,2025-11-08 03:30:00+00:00,103040.14380597768,stop_loss,103091.68965080308,103528.11552379536,0.34768877319675257,-0.36856100748118936,696.6613574523843,870.0112678522071
bot01_ema_rsi_atr,21424,1762589100000,2025-11-08 08:05:00+00:00,102478.09344,21426,1762589700000,2025-11-08 08:15:00+00:00,102245.8682742443,stop_loss,102297.01678263562,102621.67482604658,0.34743659343638644,-0.32638295932560946,696.0090142817656,869.2699198078446
bot01_ema_rsi_atr,21452,1762597500000,2025-11-08 10:25:00+00:00,102568.67871,21465,1762601400000,2025-11-08 11:30:00+00:00,102359.31869926288,stop_loss,102410.5239612435,102677.76405813475,0.347179603436221,-0.30391278639527103,695.4159358462757,868.5682297014532
bot01_ema_rsi_atr,21566,1762632000000,2025-11-08 20:00:00+00:00,102086.89794,21585,1762637700000,2025-11-08 21:35:00+00:00,102177.4999121196,take_profit,101907.39052051386,102228.61421922922,0.3474075946699,-0.011338896593094797,694.8545837611625,868.3748385420423
bot01_ema_rsi_atr,21665,1762661700000,2025-11-09 04:15:00+00:00,102094.74186,21670,1762663200000,2025-11-09 04:40:00+00:00,101857.34789524417,stop_loss,101908.30204626729,102246.84693059907,0.34677282968447176,-0.3322906806662732,694.6998708336339,867.6246349477211
bot01_ema_rsi_atr,21888,1762728900000,2025-11-09 22:55:00+00:00,104781.694665,21889,1762729200000,2025-11-09 23:00:00+00:00,104959.0166005707,take_profit,104541.20175883229,105011.52236175157,0.34716969142084,0.06906064957383787,694.0997079581769,867.5708276250413
bot01_ema_rsi_atr,22041,1762775100000,2025-11-10 11:45:00+00:00,106320.1335,22043,1762775700000,2025-11-10 11:55:00+00:00,106106.26677363241,stop_loss,106159.34644685582,106428.48032971626,0.3465061360050353,-0.30095239970821136,694.056662100033,866.87564060958
bot01_ema_rsi_atr,22135,1762803300000,2025-11-10 19:35:00+00:00,105872.88999,22142,1762805400000,2025-11-10 20:10:00+00:00,106041.58673406737,take_profit,105636.87729927138,106094.63405109291,0.3468528589585703,0.05917960427756589,693.5005124876641,866.8047655934818
bot01_ema_rsi_atr,22173,1762815000000,2025-11-10 22:50:00+00:00,106002.05454,22178,1762816500000,2025-11-10 23:15:00+00:00,106142.78840632,take_profit,105784.54243367017,106195.88634949474,0.3467784781808569,0.03263245987430273,693.4438124747854,866.6879200118838
bot01_ema_rsi_atr,22319,1762858800000,2025-11-11 11:00:00+00:00,105425.77654499999,22322,1762859700000,2025-11-11 11:15:00+00:00,105178.12676898994,stop_loss,105230.74214005997,105586.61178991004,0.34609506000611584,-0.33466948439163985,693.350336009507,865.9350545372424
bot01_ema_rsi_atr,22573,1762935600000,2025-11-12 08:20:00+00:00,103754.181165,22574,1762935900000,2025-11-12 08:25:00+00:00,103837.31949997407,take_profit,103577.7072453066,103889.26413204009,0.34633947096385076,-0.019950024465025324,692.748043629794,865.7273512261398
bot01_ema_rsi_atr,22637,1762954800000,2025-11-12 13:40:00+00:00,105134.98122,22641,1762956000000,2025-11-12 14:00:00+00:00,104861.55251880537,stop_loss,104914.00952356715,105335.08571464928,0.3456679390583129,-0.3598138786193581,692.5818809809118,864.9318273251836
bot01_ema_rsi_atr,22768,1762994400000,2025-11-13 00:40:00+00:00,101892.44076,22774,1762996200000,2025-11-13 01:10:00+00:00,102059.59524313622,take_profit,101662.09962105304,102110.65056842043,0.34608324480120056,0.06388588535868285,691.9454618601469,864.8692443169746
bot01_ema_rsi_atr,22803,1763004900000,2025-11-13 03:35:00+00:00,102457.23301499999,22807,1763006100000,2025-11-13 03:55:00+00:00,102091.21059851376,stop_loss,102142.28173938344,102801.65239092484,0.3451574029530632,-0.45688685250381783,691.8953954535797,863.9067659891582
bot01_ema_rsi_atr,22811,1763007300000,2025-11-13 04:15:00+00:00,102203.206065,22818,1763009400000,2025-11-13 04:50:00+00:00,101828.52691038935,stop_loss,101879.4666437112,102561.12503443321,0.34475713830056853,-0.4662355515716362,691.1254127913265,862.9292221089606
bot01_ema_rsi_atr,22826,1763011800000,2025-11-13 05:30:00+00:00,102415.392105,22829,1763012700000,2025-11-13 05:45:00+00:00,102628.6344361452,take_profit,102153.70038442875,102679.97442335688,0.34535809010474994,0.10800495358710835,690.3433776871685,862.9428511244433
bot01_ema_rsi_atr,22911,1763037300000,2025-11-13 12:35:00+00:00,103239.21380999999,22917,1763039100000,2025-11-13 13:05:00+00:00,102972.78297507927,stop_loss,103024.29512264059,103432.60731603911,0.3445595956245536,-0.35781328069355844,690.3542808995546,862.1533352738198
bot01_ema_rsi_atr,23218,1763130000000,2025-11-14 14:20:00+00:00,95790.101115,23220,1763130600000,2025-11-14 14:30:00+00:00,95301.6709089035,stop_loss,95349.34558169435,96331.55662745847,0.3438105650241886,-0.6093864295065261,689.7226682190559,860.9311862905112
bot01_ema_rsi_atr,23428,1763193300000,2025-11-15 07:55:00+00:00,96386.08896,23429,1763193600000,2025-11-15 08:00:00+00:00,96137.81119801877,stop_loss,96185.9041500938,96565.94377485929,0.34375720293252776,-0.3573291300596094,688.744949032409,860.14434374116
bot01_ema_rsi_atr,23490,1763211900000,2025-11-15 13:05:00+00:00,95953.922985,23493,1763212800000,2025-11-15 13:20:00+00:00,96051.50878771485,take_profit,95776.91095533445,96099.55856699834,0.3440604882213995,0.0015989903064033387,688.1154749929281,859.9750628466224
bot01_ema_rsi_atr,23546,1763228700000,2025-11-15 17:45:00+00:00,96315.11348999999,23553,1763230800000,2025-11-15 18:20:00+00:00,96028.33315699718,stop_loss,96076.37134266851,96552.89298599723,0.34330642337603845,-0.3974544101010214,687.980050277298,859.1201496732052
bot01_ema_rsi_atr,23649,1763259900000,2025-11-16 02:25:00+00:00,95704.678425,23655,1763261700000,2025-11-16 02:55:00+00:00,95915.09925307424,take_profit,95452.69613768603,95963.08079347097,0.34385363848989337,0.11964486031985745,687.2961197385641,859.1536986852611
bot01_ema_rsi_atr,23713,1763279100000,2025-11-16 07:45:00+00:00,96042.41721,23716,1763280000000,2025-11-16 08:00:00+00:00,96087.50597479037,take_profit,95900.3174922192,96135.5737616712,0.34357023696191097,-0.05310022661434733,687.3229589482089,858.8907166758428
bot01_ema_rsi_atr,23837,1763316600000,2025-11-16 18:10:00+00:00,95243.507955,23839,1763317200000,2025-11-16 18:20:00+00:00,94829.2505616091,stop_loss,94876.68890606212,95674.74164090684,0.34263811428911606,-0.534510598027365,687.1125733406742,857.8016843236677
bot01_ema_rsi_atr,23864,1763324700000,2025-11-16 20:25:00+00:00,94665.309,23867,1763325600000,2025-11-16 20:40:00+00:00,94316.76781609176,stop_loss,94363.94979098724,94999.07531351913,0.34231808976091904,-0.4678144046667965,686.2413474589341,856.8283426022234
bot01_ema_rsi_atr,23892,1763333100000,2025-11-16 22:45:00+00:00,94232.31261,23895,1763334000000,2025-11-16 23:00:00+00:00,93859.77613025122,stop_loss,93906.72949499871,94602.95575750193,0.3418831746221772,-0.494943022155578,685.4626740817787,855.8096626774095
bot01_ema_rsi_atr,23989,1763362500000,2025-11-17 06:55:00+00:00,95326.049205,23994,1763364000000,2025-11-17 07:20:00+00:00,95465.45289197419,take_profit,95121.87700218498,95513.20949672254,0.3424027580191184,0.04609257852250988,684.6477301419276,855.7173148000804
bot01_ema_rsi_atr,24017,1763370900000,2025-11-17 09:15:00+00:00,95804.09810999999,24021,1763372100000,2025-11-17 09:35:00+00:00,95545.19943858046,stop_loss,95592.99593654873,96001.05609517691,0.34165375100705553,-0.3699673373587399,684.5738518400643,854.9136295990567
bot01_ema_rsi_atr,24171,1763417400000,2025-11-17 22:10:00+00:00,92144.519235,24174,1763418300000,2025-11-17 22:25:00+00:00,91772.87489182055,stop_loss,91818.78428396252,92517.99857405623,0.3411055380884649,-0.502924343106496,683.9309036792454,853.8835930357303
bot01_ema_rsi_atr,24208,1763428500000,2025-11-18 01:15:00+00:00,92198.966445,24210,1763429100000,2025-11-18 01:25:00+00:00,91840.84017776593,stop_loss,91886.7835695507,92552.04964567395,0.34071997986603886,-0.48803920994087396,683.1068744285842,852.8801924262182
bot01_ema_rsi_atr,24283,1763451000000,2025-11-18 07:30:00+00:00,90298.13650499999,24289,1763452800000,2025-11-18 08:00:00+00:00,90584.3173243672,take_profit,90001.92857304172,90629.63214043742,0.341521564954973,0.21661189213138418,682.3041539409745,853.0787348842341
bot01_ema_rsi_atr,24345,1763469600000,2025-11-18 12:40:00+00:00,91848.62135999999,24347,1763470200000,2025-11-18 12:50:00+00:00,91552.4093847132,stop_loss,91598.20848895768,92109.48726656348,0.340511192340429,-0.42217768642565623,682.4629879073873,852.1885378256059
bot01_ema_rsi_atr,24365,1763475900000,2025-11-18 14:25:00+00:00,91825.69990499999,24366,1763476200000,2025-11-18 14:30:00+00:00,91510.79089119099,stop_loss,91556.56917577887,92114.67123633169,0.34012105921578883,-0.4425991907719311,681.7508302604847,851.2644985595017
bot01_ema_rsi_atr,24373,1763478300000,2025-11-18 15:05:00+00:00,91838.20615499999,24375,1763478900000,2025-11-18 15:15:00+00:00,92305.56545277797,take_profit,91419.35578437355,92351.74132343968,0.3412010872364608,0.40838529848046007,681.0115988476014,851.7888381846373
bot01_ema_rsi_atr,24613,1763550600000,2025-11-19 11:10:00+00:00,91688.291235,24617,1763551800000,2025-11-19 11:30:00+00:00,91448.84066940255,stop_loss,91494.58796338423,91864.29305492368,0.34010072084766474,-0.360896033517246,681.4310705477099,851.0042808052364
bot01_ema_rsi_atr,24633,1763556600000,2025-11-19 12:50:00+00:00,91721.347755,24641,1763559000000,2025-11-19 13:30:00+00:00,91846.86044864431,take_profit,91530.6454319531,91892.80685207034,0.34046418364173314,0.036704468501267906,680.8034246441891,850.8964887973942
bot01_ema_rsi_atr,24656,1763563500000,2025-11-19 14:45:00+00:00,91792.483305,24657,1763563800000,2025-11-19 14:50:00+00:00,91450.55566711132,stop_loss,91496.30381902082,92122.06927146879,0.3395551310740691,-0.4721281938912391,680.7171910379154,849.923648519191
bot01_ema_rsi_atr,24725,1763584200000,2025-11-19 20:30:00+00:00,89437.11621,24727,1763584800000,2025-11-19 20:40:00+00:00,89095.64438783583,stop_loss,89140.21449508336,89770.72825737494,0.3391511202491412,-0.4814192192210591,679.9389188153528,848.9361429701105
bot01_ema_rsi_atr,24824,1763614200000,2025-11-20 04:50:00+00:00,92706.33,24825,1763614500000,2025-11-20 04:55:00+00:00,92873.40314057485,take_profit,92486.75795192606,92919.86307211091,0.33971035047366316,0.08003740136653174,679.1489143760884,848.9021131338498
bot01_ema_rsi_atr,24863,1763625900000,2025-11-20 08:05:00+00:00,92419.156485,24864,1763626200000,2025-11-20 08:10:00+00:00,92163.58418068831,stop_loss,92209.6890252009,92617.89146219865,0.33892203022474976,-0.376259535055187,679.1216905070798,848.0941564974617
bot01_ema_rsi_atr,24924,1763644200000,2025-11-20 13:10:00+00:00,92056.975485,24925,1763644500000,2025-11-20 13:15:00+00:00,91807.54606407153,stop_loss,91853.47280047176,92247.21579929235,0.3386089192014038,-0.3706801849558288,678.4753251979694,847.296423011979
bot01_ema_rsi_atr,25065,1763686800000,2025-11-21 01:00:00+00:00,87363.67000499999,25068,1763687700000,2025-11-21 01:15:00+00:00,87007.5689172524,stop_loss,87051.09446448463,87723.38330327303,0.33805907147587,-0.5072001401034045,677.8371384095832,846.2683254961839
bot01_ema_rsi_atr,25114,1763701500000,2025-11-21 05:05:00+00:00,86158.547745,25121,1763703600000,2025-11-21 05:40:00+00:00,85792.21063434347,stop_loss,85835.12819844269,86536.03270233597,0.3376191473456962,-0.5247643247527929,677.0146603969472,845.2117771611602
bot01_ema_rsi_atr,25205,1763729100000,2025-11-21 12:45:00+00:00,83239.51895999999,25211,1763730900000,2025-11-21 13:15:00+00:00,83943.08975776959,take_profit,82673.14513405396,83985.08229891903,0.33934304739213833,0.7443912648144871,676.1694217289281,846.2998129968745
bot01_ema_rsi_atr,25254,1763743800000,2025-11-21 16:50:00+00:00,84438.67824,25257,1763744700000,2025-11-21 17:05:00+00:00,85178.01509233809,take_profit,83847.04972997293,85220.6254050406,0.3398312069790207,0.7747146815662319,677.0398503974995,847.4405235327657
bot01_ema_rsi_atr,25277,1763750700000,2025-11-21 18:45:00+00:00,84854.34597,25289,1763754300000,2025-11-21 19:45:00+00:00,84293.97081489212,stop_loss,84336.13888433429,85525.64167349857,0.3376885470421759,-0.7597361320193204,677.9524188262126,845.9846607194997
bot01_ema_rsi_atr,25303,1763758500000,2025-11-21 20:55:00+00:00,84605.20146,25311,1763760900000,2025-11-21 21:35:00+00:00,85072.02891700008,take_profit,84195.1425265966,85114.58621010512,0.3391573143611559,0.45121980858773036,676.7877285755998,846.5781504106385
bot01_ema_rsi_atr,25476,1763810700000,2025-11-22 11:25:00+00:00,84274.76632499999,25483,1763812800000,2025-11-22 12:00:00+00:00,83997.50004308765,stop_loss,84039.51980298915,84522.34529551628,0.3379054485419277,-0.42867372727233377,677.2625203285108,845.6837489698511
bot01_ema_rsi_atr,25699,1763877900000,2025-11-23 06:05:00+00:00,86478.83781,25700,1763878200000,2025-11-23 06:10:00+00:00,86245.4163134694,stop_loss,86288.56059376628,86656.20910935057,0.33764828972129185,-0.3696475588009084,676.5469991758808,844.8900275632751
bot01_ema_rsi_atr,25766,1763898300000,2025-11-23 11:45:00+00:00,86403.18,25767,1763898600000,2025-11-23 11:50:00+00:00,86180.76546582517,stop_loss,86223.87740452743,86564.18389320884,0.33735249367509385,-0.3571573403208622,675.9120220506201,844.1181357248964
bot01_ema_rsi_atr,25809,1763911200000,2025-11-23 15:20:00+00:00,86747.41202999999,25812,1763912100000,2025-11-23 15:35:00+00:00,86926.11385960822,take_profit,86527.03422737487,86969.59865893768,0.33782586375915125,0.10579648844957065,675.2945085799172,844.1277429574749
bot01_ema_rsi_atr,25937,1763949600000,2025-11-24 02:00:00+00:00,87518.367315,25938,1763949900000,2025-11-24 02:05:00+00:00,87827.64675740484,take_profit,87209.99496754722,87871.58254867917,0.33807828432134446,0.2530346514010984,675.3021943659799,844.3856773600995
bot01_ema_rsi_atr,25975,1763961300000,2025-11-24 05:15:00+00:00,87613.79500499999,25983,1763963700000,2025-11-24 05:55:00+00:00,87280.4365710816,stop_loss,87324.0986203918,87938.87706941228,0.3369434821006574,-0.48010575328402644,675.5085418880797,843.4068221700885
bot01_ema_rsi_atr,26051,1763984100000,2025-11-24 11:35:00+00:00,86319.21803999999,26057,1763985900000,2025-11-24 12:05:00+00:00,86050.04047471815,stop_loss,86093.08701822725,86550.56947265912,0.33666855810763907,-0.4115278310236193,674.7254577360708,842.5446642160185
bot01_ema_rsi_atr,26070,1763989800000,2025-11-24 13:10:00+00:00,86379.42812999999,26079,1763992500000,2025-11-24 13:55:00+00:00,86118.95252422646,stop_loss,86162.03354099696,86597.59968850455,0.33634172924498396,-0.40124664610666705,674.0357313728148,841.7006949781933
bot01_ema_rsi_atr,26093,1763996700000,2025-11-24 15:05:00+00:00,86543.26000499999,26095,1763997300000,2025-11-24 15:15:00+00:00,86142.20323839493,stop_loss,86185.29588633809,86972.08117049285,0.3357326000057561,-0.5629542610427511,673.3605559825546,840.5856245316619
bot01_ema_rsi_atr,26387,1764085500000,2025-11-25 15:45:00+00:00,87065.1108,26391,1764086700000,2025-11-25 16:05:00+00:00,86690.56481152576,stop_loss,86733.93177741447,87453.1023338783,0.3353436317163043,-0.5297604850527075,672.4684996253295,839.5277799284914
bot01_ema_rsi_atr,26444,1764102600000,2025-11-25 20:30:00+00:00,87254.63551499999,26462,1764108000000,2025-11-25 22:00:00+00:00,86934.70849616136,stop_loss,86978.19759495884,87560.27860756173,0.3350281811375877,-0.46629239229914454,671.6222239427932,838.5777264695307
bot01_ema_rsi_atr,26469,1764110100000,2025-11-25 22:35:00+00:00,87567.29176499999,26471,1764110700000,2025-11-25 22:45:00+00:00,87266.57279845921,stop_loss,87310.22791241542,87843.48313137687,0.33468799113840764,-0.44307130153167934,670.8621811756245,837.6676545742815
bot01_ema_rsi_atr,26549,1764134100000,2025-11-26 05:15:00+00:00,87578.197215,26554,1764135600000,2025-11-26 05:40:00+00:00,87679.2205429787,take_profit,87408.66194398618,87723.0820840207,0.335092588564753,0.015236791644576014,670.1341236594252,837.525622251672
bot01_ema_rsi_atr,26648,1764164100000,2025-11-26 13:35:00+00:00,87013.485,26655,1764166200000,2025-11-26 14:10:00+00:00,87137.87373032217,take_profit,86829.02369163104,87181.46446255344,0.33508195858301626,0.04281044092400498,670.0204978013376,837.4297550998867
bot01_ema_rsi_atr,26781,1764204300000,2025-11-27 00:45:00+00:00,90575.27500499999,26784,1764205200000,2025-11-27 01:00:00+00:00,90355.21049851063,stop_loss,90400.41070386255,90724.40894420615,0.33439789393992747,-0.34272014848504306,669.9438040799093,836.6888350569395
bot01_ema_rsi_atr,27164,1764319800000,2025-11-28 08:50:00+00:00,91542.80853,27166,1764320400000,2025-11-28 09:00:00+00:00,91668.08456569839,take_profit,91352.47230902225,91713.94153646662,0.33473696844440526,0.036712825040392624,669.3510680455516,836.582870277136
bot01_ema_rsi_atr,27444,1764404100000,2025-11-29 08:15:00+00:00,90696.515595,27454,1764407100000,2025-11-29 09:05:00+00:00,90513.59483353475,stop_loss,90558.87427067007,90789.66359399489,0.3341287174894041,-0.3014827576395539,669.2662962217088,835.9116275122517
bot01_ema_rsi_atr,27485,1764416400000,2025-11-29 11:40:00+00:00,90653.213955,27490,1764417900000,2025-11-29 12:05:00+00:00,90663.52381456069,take_profit,90540.59783087499,90708.87825368752,0.33421646307127406,-0.08863851676982157,668.7293020098014,835.5964054410563
bot01_ema_rsi_atr,27628,1764459600000,2025-11-29 23:40:00+00:00,90905.440005,27629,1764459900000,2025-11-29 23:45:00+00:00,90737.33389228175,stop_loss,90782.7252549092,90975.9371176362,0.33376270802831476,-0.28473922638325455,668.4771243528451,834.9539078660084
bot01_ema_rsi_atr,27632,1764460800000,2025-11-30 00:00:00+00:00,90890.35246499999,27645,1764464700000,2025-11-30 01:05:00+00:00,90915.0664348354,take_profit,90767.85219454033,90960.54670818949,0.33385993337424036,-0.07283621947105402,667.9631262928067,834.6654089420442
bot01_ema_rsi_atr,27764,1764500700000,2025-11-30 11:05:00+00:00,91365.65999999999,27768,1764501900000,2025-11-30 11:25:00+00:00,91183.85745895075,stop_loss,91229.47219504826,91455.7917074276,0.3333673934613357,-0.2987844650913739,667.7323271536354,834.0002045148893
bot01_ema_rsi_atr,27992,1764569400000,2025-12-01 06:10:00+00:00,86325.14099999999,27993,1764569700000,2025-12-01 06:15:00+00:00,86060.75541270393,stop_loss,86103.80731636212,86549.28902545682,0.3329229388135323,-0.4059609270823726,667.2001636119114,833.1569386245552
bot01_ema_rsi_atr,28086,1764597600000,2025-12-01 14:00:00+00:00,86316.966915,28087,1764597900000,2025-12-01 14:05:00+00:00,85985.85932161896,stop_loss,86028.8737584982,86641.2643622527,0.33245759353346427,-0.48321143294269947,666.5255508996441,832.1859305023888
bot01_ema_rsi_atr,28145,1764615300000,2025-12-01 18:55:00+00:00,85235.57648999999,28147,1764615900000,2025-12-01 19:05:00+00:00,84876.14567577772,stop_loss,84918.60497826684,85604.54253259973,0.3320067861152445,-0.5212693785794791,665.748744401911,831.1527748166629
bot01_ema_rsi_atr,28158,1764619200000,2025-12-01 20:00:00+00:00,85503.73049999999,28163,1764621000000,2025-12-01 20:30:00+00:00,85157.42130629176,stop_loss,85200.02131695022,85852.46802457466,0.331622281790833,-0.5046172985569576,664.9222198533304,830.1485549540032
bot01_ema_rsi_atr,28215,1764636600000,2025-12-02 00:50:00+00:00,86554.2555,28218,1764637500000,2025-12-02 01:05:00+00:00,86725.02558542864,take_profit,86339.39347311747,86768.4097903238,0.3322206385146922,0.09710101410693665,664.1188439632026,830.1435805595702
bot01_ema_rsi_atr,28250,1764647100000,2025-12-02 03:45:00+00:00,86843.41000499998,28252,1764647700000,2025-12-02 03:55:00+00:00,87041.71348716498,take_profit,86609.84592318493,87085.25611522258,0.3322701443755602,0.12811768753831027,664.1148644476561,830.1900512830387
bot01_ema_rsi_atr,28364,1764681600000,2025-12-02 13:20:00+00:00,87418.137225,28370,1764683400000,2025-12-02 13:50:00+00:00,87569.40714221325,take_profit,87215.2741672748,87613.2137490878,0.33219701034759397,0.0728687570945163,664.1520410264309,830.1448821173261
bot01_ema_rsi_atr,28466,1764712200000,2025-12-02 21:50:00+00:00,91672.07312999999,28476,1764715200000,2025-12-02 22:40:00+00:00,91868.01701282336,take_profit,91434.45066678448,91913.97399982327,0.3322464465602384,0.11353061216685208,664.1159056938609,830.1671583604973
bot01_ema_rsi_atr,28609,1764755400000,2025-12-03 09:50:00+00:00,93186.56999999999,28615,1764757200000,2025-12-03 10:20:00+00:00,93319.02366183465,take_profit,92989.52898993852,93365.7065150922,0.3321365907552742,0.04199600669153972,664.1337266883978,830.0707826124893
bot01_ema_rsi_atr,28635,1764763200000,2025-12-03 12:00:00+00:00,93100.56701999999,28636,1764763500000,2025-12-03 12:05:00+00:00,92863.97025829423,stop_loss,92910.42547102974,93269.46179345537,0.331440828486362,-0.3538761819713515,664.0566260899915,829.3178713818918
bot01_ema_rsi_atr,28697,1764781800000,2025-12-03 17:10:00+00:00,92666.03986499998,28698,1764782100000,2025-12-03 17:15:00+00:00,92284.97862779739,stop_loss,92331.14419989733,93052.60870015399,0.3308799029453885,-0.5108087240158038,663.4542971055134,828.3056094458545
bot01_ema_rsi_atr,28699,1764782400000,2025-12-03 17:20:00+00:00,92546.25,28704,1764783900000,2025-12-03 17:45:00+00:00,92913.86064758094,take_profit,92193.10612134005,92960.34081798993,0.33181396092412274,0.29682108884297664,662.6444875566837,828.6311737526005
bot01_ema_rsi_atr,28869,1764833700000,2025-12-04 07:35:00+00:00,93250.90215,28873,1764834900000,2025-12-04 07:55:00+00:00,93347.42375676865,take_profit,93077.75278854852,93394.12081717723,0.3314581106839869,0.003403916679312875,662.9049390020804,828.4710830596136
bot01_ema_rsi_atr,28964,1764862500000,2025-12-04 15:35:00+00:00,93280.29683999998,28965,1764862800000,2025-12-04 15:40:00+00:00,92900.80375126202,stop_loss,92947.27738995699,93663.2839150645,0.33054931779861785,-0.5064240879287795,662.776866447691,827.4671125331994
bot01_ema_rsi_atr,29071,1764894600000,2025-12-05 00:30:00+00:00,92392.3731,29082,1764897900000,2025-12-05 01:25:00+00:00,92498.99414627715,take_profit,92213.48881355535,92545.26677966698,0.3310121404642087,0.015284867848973784,661.9736900265596,827.3268892661707
bot01_ema_rsi_atr,29246,1764947400000,2025-12-05 15:10:00+00:00,91070.60254499999,29254,1764949800000,2025-12-05 15:50:00+00:00,90662.72827518207,stop_loss,90708.08231634024,91500.60152548965,0.33002496821348964,-0.5474181395107802,661.8615114129366,826.2565421828318
bot01_ema_rsi_atr,29359,1764981300000,2025-12-06 00:35:00+00:00,89484.57992999999,29363,1764982800000,2025-12-06 01:00:00+00:00,89277.3097796098,stop_loss,89321.9707649923,89616.69385251155,0.32995498223211495,-0.33139504080119,661.0052337462655,825.5442038680185
bot01_ema_rsi_atr,29386,1764989700000,2025-12-06 02:55:00+00:00,89434.544925,29387,1764990000000,2025-12-06 03:00:00+00:00,89484.37107831269,take_profit,89296.99290257618,89529.13564613575,0.33014446685854415,-0.04434328793070792,660.4353630944148,825.3059535532702
bot01_ema_rsi_atr,29464,1765013100000,2025-12-06 09:25:00+00:00,89678.27673,29465,1765013400000,2025-12-06 09:30:00+00:00,89494.12174551001,stop_loss,89538.89119110556,89775.31321334167,0.329618704845897,-0.3051453665410977,660.2447628426162,824.6377194637239
bot01_ema_rsi_atr,29541,1765036200000,2025-12-06 15:50:00+00:00,89920.11759,29542,1765036500000,2025-12-06 15:55:00+00:00,89707.10903870496,stop_loss,89751.98503122057,90059.97245316913,0.3292998599711271,-0.336649537886503,659.7101755709791,823.918119333283
bot01_ema_rsi_atr,29543,1765036800000,2025-12-06 16:00:00+00:00,89952.443745,29552,1765039500000,2025-12-06 16:45:00+00:00,89732.25489906194,stop_loss,89777.14347079734,90103.009793804,0.3289995041570135,-0.34453883400398605,659.1344954666264,823.186159876693
bot01_ema_rsi_atr,29713,1765088100000,2025-12-07 06:15:00+00:00,89645.84051999998,29715,1765088700000,2025-12-07 06:25:00+00:00,89633.5784538942,take_profit,89549.45489151629,89678.41766272555,0.329087329592035,-0.11366466527463881,658.5489279013543,822.834575420434
bot01_ema_rsi_atr,29786,1765110300000,2025-12-07 12:25:00+00:00,89312.804085,29790,1765111500000,2025-12-07 12:45:00+00:00,89326.33610144893,take_profit,89199.60225849663,89371.02161225506,0.32899417228267896,-0.08486388981849372,658.2676603363473,822.5304902777408
bot01_ema_rsi_atr,29924,1765151700000,2025-12-07 23:55:00+00:00,90437.69625,29926,1765152300000,2025-12-08 00:05:00+00:00,90105.42956447252,stop_loss,90150.50481688096,90755.49277467855,0.32824390156731265,-0.4670310419278669,658.0243922221927,821.5984579304454
bot01_ema_rsi_atr,30141,1765217100000,2025-12-08 18:05:00+00:00,90397.39611,30146,1765218600000,2025-12-08 18:30:00+00:00,90058.37718070393,stop_loss,90103.4288951515,90725.40665727275,0.32785942872989476,-0.4746567101940004,657.2787663443563,820.6549637510182
bot01_ema_rsi_atr,30200,1765235100000,2025-12-08 23:05:00+00:00,91009.58205,30201,1765235400000,2025-12-08 23:10:00+00:00,90761.57227329163,stop_loss,90806.97576117222,91199.7863582417,0.3276510291970024,-0.3722370121374142,656.5239710008145,819.8804874111665
bot01_ema_rsi_atr,30255,1765251600000,2025-12-09 03:40:00+00:00,90390.122475,30265,1765254600000,2025-12-09 04:30:00+00:00,90152.8301458489,stop_loss,90197.9291104041,90565.48133439383,0.327358178960386,-0.3622576785284373,655.9043899289333,819.1230893256078
bot01_ema_rsi_atr,30293,1765263000000,2025-12-09 06:50:00+00:00,90225.10000499999,30300,1765265100000,2025-12-09 07:25:00+00:00,90344.3312562043,take_profit,90040.3326538574,90389.5260192139,0.32770168664048366,0.03201650089223618,655.2984714604862,819.0116631670729
bot01_ema_rsi_atr,30390,1765292400000,2025-12-09 15:00:00+00:00,90938.44649999999,30391,1765292700000,2025-12-09 15:05:00+00:00,90605.76368214044,stop_loss,90651.08922675381,91255.86615986927,0.3268422192420489,-0.4654671350050889,655.2093305336583,818.086177255684
bot01_ema_rsi_atr,30527,1765333500000,2025-12-10 02:25:00+00:00,92549.69172,30530,1765334400000,2025-12-10 02:40:00+00:00,92298.8060620075,stop_loss,92344.97855128313,92741.13217307531,0.3266277601481389,-0.3708110288392791,654.4689418045472,817.3164559768522
bot01_ema_rsi_atr,30575,1765348200000,2025-12-10 06:30:00+00:00,92621.8878,30580,1765349700000,2025-12-10 06:55:00+00:00,92663.14715784592,take_profit,92486.3320607998,92709.50190880032,0.3268358626615233,-0.05549853337357901,653.8531647814818,817.0623636761685
bot01_ema_rsi_atr,30614,1765359900000,2025-12-10 09:45:00+00:00,92854.85422499999,30617,1765360800000,2025-12-10 10:00:00+00:00,92909.568398956,take_profit,92710.05238522195,92956.04642216708,0.32675772654147217,-0.04113451554225934,653.6498909409348,816.831799493367
bot01_ema_rsi_atr,30719,1765391400000,2025-12-10 18:30:00+00:00,92602.368045,30720,1765391700000,2025-12-10 18:35:00+00:00,92794.4672575845,take_profit,92366.22486570985,92840.88770143522,0.3269079102930892,0.1072378033342133,653.4654395946936,816.8434484387151
bot01_ema_rsi_atr,30840,1765428000000,2025-12-11 04:40:00+00:00,90152.0535,30842,1765428600000,2025-12-11 04:50:00+00:00,90320.03039841873,take_profit,89934.8579967192,90365.21300492118,0.32687810496388026,0.08613987702489471,653.4747587509721,816.8206646118332
bot01_ema_rsi_atr,30862,1765434600000,2025-12-11 06:30:00+00:00,90312.85386,30873,1765437900000,2025-12-11 07:25:00+00:00,90101.84077707236,stop_loss,90146.91423418945,90448.92864871582,0.3261835883562192,-0.3334131420224041,653.4565316894666,816.1131676678853
bot01_ema_rsi_atr,30914,1765450200000,2025-12-11 10:50:00+00:00,90361.308075,30926,1765453800000,2025-12-11 11:50:00+00:00,90176.42887658892,stop_loss,90221.53964641213,90458.06553038179,0.3259484249473294,-0.3043953580877313,652.8905341343082,815.4535997566468
bot01_ema_rsi_atr,30934,1765456200000,2025-12-11 12:30:00+00:00,90388.19151,30936,1765456800000,2025-12-11 12:40:00+00:00,90222.69114124373,stop_loss,90267.82505377062,90455.81241934407,0.32572002943244005,-0.2829164469666609,652.3628798053174,814.829559976947
bot01_ema_rsi_atr,30959,1765463700000,2025-12-11 14:35:00+00:00,90424.20951,30960,1765464000000,2025-12-11 14:40:00+00:00,90181.34717385116,stop_loss,90226.46040405318,90607.85939392024,0.3253316001361154,-0.36831251843663954,651.8636479815576,814.0669704341428
bot01_ema_rsi_atr,30967,1765466400000,2025-12-11 15:20:00+00:00,90644.67969,30968,1765466700000,2025-12-11 15:25:00+00:00,90277.8554073268,stop_loss,90323.01691578468,91013.92462632299,0.32480575432148007,-0.5042790593378474,651.2535763473143,813.0839442217311
bot01_ema_rsi_atr,31061,1765494600000,2025-12-11 23:10:00+00:00,92550.241995,31080,1765500300000,2025-12-12 00:45:00+00:00,92163.59716456833,stop_loss,92209.70201557611,92945.42197663584,0.32439228016975663,-0.5173497305626712,650.4671553773849,812.0808712114698
bot01_ema_rsi_atr,31098,1765505700000,2025-12-12 02:15:00+00:00,92323.628745,31104,1765507500000,2025-12-12 02:45:00+00:00,92541.48521384844,take_profit,92070.63059773325,92587.77910340014,0.3250528032099258,0.13573446509640164,649.6646969691758,812.13868930784
bot01_ema_rsi_atr,31130,1765515300000,2025-12-12 04:55:00+00:00,92440.046925,31133,1765516200000,2025-12-12 05:10:00+00:00,92245.84954019902,stop_loss,92291.995537968,92546.63169304801,0.3243521621904467,-0.30986920049226846,649.710951446272,811.4734513508218
bot01_ema_rsi_atr,31189,1765533300000,2025-12-12 09:55:00+00:00,92566.66019999998,31202,1765537200000,2025-12-12 11:00:00+00:00,92363.14024166805,stop_loss,92409.3449141251,92686.98262881233,0.3240706164871002,-0.31964326889867045,649.1787610806575,810.7929113713765
bot01_ema_rsi_atr,31246,1765550400000,2025-12-12 14:40:00+00:00,92502.78828,31247,1765550700000,2025-12-12 14:45:00+00:00,92264.80479235957,stop_loss,92310.96027249581,92674.95959125628,0.32373823502766635,-0.3570144193201473,648.6343290971012,810.0524021977387
bot01_ema_rsi_atr,31323,1765573500000,2025-12-12 21:05:00+00:00,90378.48666,31326,1765574400000,2025-12-12 21:20:00+00:00,90122.84221160917,stop_loss,90167.9261746965,90581.41073795526,0.32340114606540526,-0.382576986383044,648.0419217581909,809.2711967184225
bot01_ema_rsi_atr,31396,1765595700000,2025-12-13 03:15:00+00:00,90355.07496,31400,1765596900000,2025-12-13 03:35:00+00:00,90325.7202622135,take_profit,90269.26285661932,90370.90571507103,0.3234940935735702,-0.13245566793199784,647.416957374738,808.8951717503937
bot01_ema_rsi_atr,31439,1765608600000,2025-12-13 06:50:00+00:00,90416.18549999999,31443,1765609800000,2025-12-13 07:10:00+00:00,90298.43274463511,stop_loss,90343.60454690855,90412.09317963717,0.32318580879866293,-0.23010392106125824,647.116137400315,808.3615050744506
bot01_ema_rsi_atr,31574,1765649400000,2025-12-13 18:10:00+00:00,90225.82036499999,31581,1765651500000,2025-12-13 18:45:00+00:00,90083.67295607638,stop_loss,90128.73732473874,90258.71901289187,0.32292847576766615,-0.25738871748709113,646.6892040595606,807.7841226375838
bot01_ema_rsi_atr,31620,1765663200000,2025-12-13 22:00:00+00:00,90256.435665,31622,1765663800000,2025-12-13 22:10:00+00:00,90104.08728217348,stop_loss,90149.16186310502,90304.58220534246,0.3226796650307253,-0.268626240691117,646.2272981100671,807.1890157727724
bot01_ema_rsi_atr,31738,1765698600000,2025-12-14 07:50:00+00:00,90264.199545,31740,1765699200000,2025-12-14 08:00:00+00:00,90229.45508235076,take_profit,90182.08841430664,90274.59237854002,0.3226520900664358,-0.13845347143334838,645.751212618218,806.8042852431875
bot01_ema_rsi_atr,31840,1765729500000,2025-12-14 16:25:00+00:00,89301.13825499998,31841,1765729800000,2025-12-14 16:30:00+00:00,89088.14429278827,stop_loss,89132.71064811232,89442.2090278315,0.3221758730413029,-0.3382735230562207,645.4434281945499,806.0976291712227
bot01_ema_rsi_atr,31862,1765736100000,2025-12-14 18:15:00+00:00,89076.52600499999,31864,1765736700000,2025-12-14 18:25:00+00:00,88840.63142345409,stop_loss,88885.07396043431,89252.41405934854,0.32185131369301323,-0.3645575636292005,644.8781033369781,805.3492594078881
bot01_ema_rsi_atr,32438,1765909800000,2025-12-16 18:30:00+00:00,87760.268205,32445,1765911900000,2025-12-16 19:05:00+00:00,87454.05547733382,stop_loss,87497.80437952359,88044.31843071463,0.3214171917227008,-0.44857062449255924,644.2794075263105,804.4664000275925
bot01_ema_rsi_atr,32519,1765934100000,2025-12-17 01:15:00+00:00,87916.9365,32520,1765934400000,2025-12-17 01:20:00+00:00,87711.09460695244,stop_loss,87754.97209299893,88050.04186050162,0.32124934039307235,-0.33389810807899317,643.573120022074,803.7688243492403
bot01_ema_rsi_atr,32593,1765956600000,2025-12-17 07:30:00+00:00,87034.49549999999,32599,1765958400000,2025-12-17 08:00:00+00:00,86811.61297963577,stop_loss,86855.04049988571,87194.93925017143,0.32093552093322086,-0.355829181940682,643.0150594793922,803.0366337867017
bot01_ema_rsi_atr,32767,1766009100000,2025-12-17 22:05:00+00:00,86126.211585,32771,1766010300000,2025-12-17 22:25:00+00:00,86285.09238662169,take_profit,85919.77899008058,86328.25651487913,0.32135002929145906,0.08428991348751601,642.4293070293613,803.011266860946
bot01_ema_rsi_atr,32787,1766015100000,2025-12-17 23:45:00+00:00,86189.843385,32803,1766019900000,2025-12-18 01:05:00+00:00,85982.76652438306,stop_loss,86025.7794140901,86328.25587886486,0.320658432698495,-0.34001642842331703,642.4090134887567,802.3051366357362
bot01_ema_rsi_atr,32815,1766023500000,2025-12-18 02:05:00+00:00,86241.30910500001,32816,1766023800000,2025-12-18 02:10:00+00:00,86341.6076572154,take_profit,86073.816628504,86384.80005724402,0.32094802301777825,0.016183595428943202,641.8441093085889,802.1706180035293
bot01_ema_rsi_atr,32875,1766041500000,2025-12-18 07:05:00+00:00,86703.319995,32876,1766041800000,2025-12-18 07:10:00+00:00,86759.18062301283,take_profit,86564.92872402014,86802.58191396981,0.3208110731253922,-0.03563710433689338,641.7364944028234,801.953066977985
bot01_ema_rsi_atr,32933,1766058900000,2025-12-18 11:55:00+00:00,87329.65300499999,32936,1766059800000,2025-12-18 12:10:00+00:00,87156.5054445374,stop_loss,87200.10549728603,87414.86675407094,0.3203031494444557,-0.29807065177760605,641.562453582388,801.3150770951978
bot01_ema_rsi_atr,32940,1766061000000,2025-12-18 12:30:00+00:00,87373.654995,32943,1766061900000,2025-12-18 12:45:00+00:00,87190.43160359094,stop_loss,87234.0486279049,87473.90205814267,0.32003003081736947,-0.3094912568646981,641.0520616761582,800.6593100590899
bot01_ema_rsi_atr,33047,1766093400000,2025-12-18 21:30:00+00:00,85815.616365,33048,1766093700000,2025-12-18 21:35:00+00:00,85429.4850642839,stop_loss,85472.22117487133,86223.49323769301,0.3193837920266718,-0.5495046306894563,640.527448047272,799.620126132111
bot01_ema_rsi_atr,33107,1766111400000,2025-12-19 02:30:00+00:00,85494.095685,33110,1766112300000,2025-12-19 02:45:00+00:00,85637.88155340182,take_profit,85298.46872376067,85680.72191435899,0.3199568212403603,0.06801403814207037,639.6961009056888,799.5688641236129
bot01_ema_rsi_atr,33252,1766155200000,2025-12-19 14:40:00+00:00,88554.244995,33253,1766155500000,2025-12-19 14:45:00+00:00,88211.87552595901,stop_loss,88256.00352772287,88890.96970841571,0.3190499896178678,-0.48623456119044445,639.6550912988903,798.6321718752424
bot01_ema_rsi_atr,33309,1766172300000,2025-12-19 19:25:00+00:00,87689.953065,33311,1766172900000,2025-12-19 19:35:00+00:00,87956.94578765078,take_profit,87409.58582614589,88000.94626078117,0.31977898075340383,0.20416908734164543,638.9057375001939,798.798231332171
bot01_ema_rsi_atr,33393,1766197800000,2025-12-20 02:30:00+00:00,88220.44817999999,33395,1766198400000,2025-12-20 02:40:00+00:00,88221.22688943642,take_profit,88117.02695385263,88265.35956922104,0.31936094165226037,-0.09911819680918585,639.0385850657368,798.4802791561772
bot01_ema_rsi_atr,33461,1766218200000,2025-12-20 08:10:00+00:00,88351.1535,33463,1766218800000,2025-12-20 08:20:00+00:00,88342.15270379433,take_profit,88254.10274884487,88386.3458767327,0.3192161627994623,-0.11017733787647033,638.7842233249418,798.1448101862004
bot01_ema_rsi_atr,33475,1766222400000,2025-12-20 09:20:00+00:00,88376.656245,33478,1766223300000,2025-12-20 09:35:00+00:00,88241.9602971129,stop_loss,88286.10334878729,88402.06997681907,0.3188552459421061,-0.25225881772012493,638.5158481489603,797.5829057699216
bot01_ema_rsi_atr,33502,1766230500000,2025-12-20 11:35:00+00:00,88334.14499999999,33510,1766232900000,2025-12-20 12:15:00+00:00,88200.19382451185,stop_loss,88244.3159825031,88358.52602624535,0.3186319943685334,-0.25148980534384807,638.0663246159372,797.0226224172717
bot01_ema_rsi_atr,33519,1766235600000,2025-12-20 13:00:00+00:00,88384.17,33520,1766235900000,2025-12-20 13:05:00+00:00,88260.16872410789,stop_loss,88304.32088455016,88393.51867317475,0.318426226628415,-0.2401577619795783,637.6180979338174,796.4807783766331
bot01_ema_rsi_atr,33540,1766241900000,2025-12-20 14:45:00+00:00,88265.53070999999,33546,1766243700000,2025-12-20 15:15:00+00:00,88100.36782568769,stop_loss,88144.44004571054,88336.8899314342,0.3181352375403574,-0.28693335903694667,637.1846227013065,795.8648654844721
bot01_ema_rsi_atr,33567,1766250300000,2025-12-20 17:05:00+00:00,88238.097,33568,1766250600000,2025-12-20 17:10:00+00:00,88107.74372823854,stop_loss,88151.81963805755,88257.27054291367,0.3179518636996791,-0.2475812862211776,636.6918923875777,795.3120040997596
bot01_ema_rsi_atr,33636,1766271000000,2025-12-20 22:50:00+00:00,88344.15,33638,1766271600000,2025-12-20 23:00:00+00:00,88215.36759265968,stop_loss,88259.49734133034,88360.7539880045,0.31773410019500425,-0.24562778059776963,636.2496032798077,794.7626309554851
bot01_ema_rsi_atr,33714,1766294400000,2025-12-21 05:20:00+00:00,88175.32562999999,33725,1766297700000,2025-12-21 06:15:00+00:00,88155.13690671745,take_profit,88085.94231668003,88199.23652497993,0.31770974229798027,-0.12287321811987298,635.810104764388,794.4085636551644
bot01_ema_rsi_atr,33745,1766303700000,2025-12-21 07:55:00+00:00,88215.09550499999,33750,1766305200000,2025-12-21 08:20:00+00:00,88174.16098342296,take_profit,88139.5032543452,88218.27011848219,0.31753089146665125,-0.14635667718927003,635.5268509241315,794.0173804810142
bot01_ema_rsi_atr,33839,1766332200000,2025-12-21 15:50:00+00:00,88245.19054499999,33840,1766332500000,2025-12-21 15:55:00+00:00,88019.3966399119,stop_loss,88063.42835408893,88407.5824688666,0.31704222290968953,-0.3556151896663169,635.2139043848114,793.2944124514845
bot01_ema_rsi_atr,33907,1766352600000,2025-12-21 21:30:00+00:00,88401.32857499999,33908,1766352900000,2025-12-21 21:35:00+00:00,88256.53846126121,stop_loss,88300.68880566403,88441.84179150395,0.3168995029250095,-0.2636234725842875,634.6355299611876,792.7179097754654
bot01_ema_rsi_atr,33918,1766355900000,2025-12-21 22:25:00+00:00,88390.41312,33924,1766357700000,2025-12-21 22:55:00+00:00,88416.25985101945,take_profit,88270.07326928835,88460.49009606749,0.3169749345758948,-0.07078768683501373,634.1743278203724,792.4472490885532
bot01_ema_rsi_atr,33977,1766373900000,2025-12-22 03:25:00+00:00,88804.309965,34001,1766381100000,2025-12-22 05:25:00+00:00,88734.4106,time_stop,88570.83356851211,89043.5746472318,0.3166957852254646,-0.1786329691233704,633.9577992708425,792.0059283431888
bot01_ema_rsi_atr,34194,1766439300000,2025-12-22 21:35:00+00:00,88612.414065,34196,1766439900000,2025-12-22 21:45:00+00:00,88369.9707022487,stop_loss,88414.17779114426,88799.05831328362,0.31621101825422326,-0.37332617212178076,633.6047426745511,791.256765427551
bot01_ema_rsi_atr,34208,1766443500000,2025-12-22 22:45:00+00:00,88564.26,34209,1766443800000,2025-12-22 22:50:00+00:00,88671.59073953448,take_profit,88389.36752407238,88715.94871389143,0.3165360473353256,0.021068486085626222,633.0054123420408,791.1318218976064
bot01_ema_rsi_atr,34251,1766456400000,2025-12-23 02:20:00+00:00,88789.25244,34254,1766457300000,2025-12-23 02:35:00+00:00,88582.1514130737,stop_loss,88626.4646453964,88922.50303190542,0.3159258082925319,-0.33301685757426397,632.9054575180851,790.4472019871827
bot01_ema_rsi_atr,34414,1766505600000,2025-12-23 16:00:00+00:00,88126.711335,34415,1766505900000,2025-12-23 16:05:00+00:00,87767.8834294534,stop_loss,87811.78932411545,88488.99101382683,0.31537773801655367,-0.50676552229253,632.3577615897461,789.4887709112442
bot01_ema_rsi_atr,34469,1766522100000,2025-12-23 20:35:00+00:00,88006.431225,34470,1766522400000,2025-12-23 20:40:00+00:00,88165.22734827081,take_profit,87797.86199048137,88209.33201427794,0.31592223160150223,0.08025651641523945,631.5910167289953,789.4574696708295
bot01_ema_rsi_atr,34519,1766537100000,2025-12-24 00:45:00+00:00,87600.75849,34522,1766538000000,2025-12-24 01:00:00+00:00,87692.3123102984,take_profit,87437.51306633424,87736.18040049863,0.31578994784534103,0.004408075974069732,631.5659757366636,789.3065311939276
bot01_ema_rsi_atr,34600,1766561700000,2025-12-24 07:35:00+00:00,87173.675055,34604,1766562900000,2025-12-24 07:55:00+00:00,87013.8221466897,stop_loss,87057.35082210074,87239.2487668489,0.3152755657686621,-0.28318954122472856,631.4452249551421,788.7020702254888
bot01_ema_rsi_atr,34631,1766571000000,2025-12-24 10:10:00+00:00,87108.63255,34639,1766573400000,2025-12-24 10:50:00+00:00,87145.81522736717,take_profit,86982.22671177778,87189.40993233334,0.3153903524872347,-0.05735727493084145,630.9616561803911,788.4539446840859
bot01_ema_rsi_atr,34677,1766584800000,2025-12-24 14:00:00+00:00,87411.513915,34681,1766586000000,2025-12-24 14:20:00+00:00,87240.82792280056,stop_loss,87284.47015787949,87492.86976318076,0.3149162766572226,-0.29507190594258353,630.7631557472687,787.8314179799537
bot01_ema_rsi_atr,34707,1766593800000,2025-12-24 16:30:00+00:00,87525.50087999999,34711,1766595000000,2025-12-24 16:50:00+00:00,87218.23377632015,stop_loss,87261.86470867449,87811.60293698826,0.3144224017209915,-0.4507090316421263,630.265134383963,786.9643963908387
bot01_ema_rsi_atr,34822,1766628600000,2025-12-25 02:10:00+00:00,87776.976555,34828,1766630400000,2025-12-25 02:40:00+00:00,87802.72863095778,take_profit,87657.4153620425,87846.65195693624,0.31467449554331517,-0.07069126222899877,629.571517112671,786.6958517615533
bot01_ema_rsi_atr,34875,1766644500000,2025-12-25 06:35:00+00:00,87782.4693,34878,1766645400000,2025-12-25 06:50:00+00:00,87753.43175369625,take_profit,87699.44638739621,87797.3304189057,0.3144690073862637,-0.13304590197651603,629.3566814092426,786.3293886061617
bot01_ema_rsi_atr,34890,1766649000000,2025-12-25 07:50:00+00:00,87800.27819999999,34891,1766649300000,2025-12-25 07:55:00+00:00,87761.54151488352,take_profit,87723.70384199865,87805.44423700201,0.314305174672458,-0.1440749724541917,629.0635108849294,785.9457685392039
bot01_ema_rsi_atr,34960,1766670000000,2025-12-25 13:40:00+00:00,87648.812505,34965,1766671800000,2025-12-25 14:10:00+00:00,87645.32790713944,take_profit,87548.9016710759,87689.17249338613,0.31421487524244973,-0.10397166049740597,628.7566148313631,785.6253106444374
bot01_ema_rsi_atr,35011,1766685600000,2025-12-25 18:00:00+00:00,88279.95791999999,35026,1766690100000,2025-12-25 19:15:00+00:00,88085.79715546605,stop_loss,88129.8620865093,88394.80687023605,0.3137477677820129,-0.3197175988067255,628.5002485155499,784.9663314630221
bot01_ema_rsi_atr,35199,1766742300000,2025-12-26 09:45:00+00:00,88911.463515,35203,1766743500000,2025-12-26 10:05:00+00:00,88726.58888948706,stop_loss,88770.9743766754,89011.1134349869,0.3135034278581855,-0.3077232154167344,627.9730651704177,784.3267165744332
bot01_ema_rsi_atr,35233,1766752500000,2025-12-26 12:35:00+00:00,88761.94879499999,35238,1766754000000,2025-12-26 13:00:00+00:00,88605.06278315248,stop_loss,88649.38747689092,88819.89378466361,0.313296840345127,-0.27657242541805815,627.4613732595466,783.7364387927566
bot01_ema_rsi_atr,35388,1766799300000,2025-12-27 01:35:00+00:00,87484.970625,35393,1766800800000,2025-12-27 02:00:00+00:00,87355.54387196792,stop_loss,87399.24349371478,87504.25975942785,0.313106165521294,-0.24779375857972272,626.9891510342053,783.1916699191852
bot01_ema_rsi_atr,35411,1766806200000,2025-12-27 03:30:00+00:00,87517.71698999999,35415,1766807400000,2025-12-27 03:50:00+00:00,87479.685161268,take_profit,87441.00207685976,87523.44688471036,0.31305202871623805,-0.1434126919782456,626.5533359353482,782.8106169730167
bot01_ema_rsi_atr,35686,1766889000000,2025-12-28 02:30:00+00:00,87904.000035,35689,1766889900000,2025-12-28 02:45:00+00:00,87774.21599638477,stop_loss,87818.12505891421,87922.9874116287,0.3127367629171366,-0.2474952840883156,626.2484935784134,782.2669584614241
bot01_ema_rsi_atr,35709,1766895900000,2025-12-28 04:25:00+00:00,87839.607855,35711,1766896500000,2025-12-28 04:35:00+00:00,87720.54304746668,stop_loss,87764.42526009672,87842.63710985494,0.31253847266187107,-0.23541242456606143,625.8135667691392,781.7425626577558
bot01_ema_rsi_atr,35751,1766908500000,2025-12-28 07:55:00+00:00,87769.65289499999,35753,1766909100000,2025-12-28 08:05:00+00:00,87720.83973195514,take_profit,87699.83527133224,87764.72209300163,0.3124538101529366,-0.15555946534292658,625.3940501262047,781.3432424499688
bot01_ema_rsi_atr,35812,1766927100000,2025-12-28 13:05:00+00:00,87913.965015,35814,1766927700000,2025-12-28 13:15:00+00:00,87788.73937832145,stop_loss,87832.65570617453,87926.09144073822,0.31215866010870474,-0.24229867919223755,625.074593959975,780.8087155670672
bot01_ema_rsi_atr,35863,1766942400000,2025-12-28 17:20:00+00:00,87963.93998999998,35865,1766943000000,2025-12-28 17:30:00+00:00,87836.68851836746,stop_loss,87880.62883278384,87979.00675082424,0.31194164177993156,-0.24451856087316068,624.6469724536538,780.2710912215053
bot01_ema_rsi_atr,35924,1766960700000,2025-12-28 22:25:00+00:00,87667.13166,35927,1766961600000,2025-12-28 22:40:00+00:00,87640.39295235135,take_profit,87582.70995340915,87684.23506988629,0.31190483291688953,-0.130469764933796,624.2168729772043,779.9116370351202
bot01_ema_rsi_atr,36115,1767018300000,2025-12-29 14:25:00+00:00,87663.76998,36116,1767018600000,2025-12-29 14:30:00+00:00,87443.51365213662,stop_loss,87487.257280777,87819.0140788345,0.31141715682903887,-0.35100001013613147,623.9293096280961,779.2087042206889
bot01_ema_rsi_atr,36250,1767059100000,2025-12-30 01:45:00+00:00,87356.71652999999,36253,1767060000000,2025-12-30 02:00:00+00:00,87198.25662260289,stop_loss,87241.87756138358,87419.83365792462,0.31124523495174383,-0.28121268034994773,623.3669633765511,778.6150539900495
bot01_ema_rsi_atr,36256,1767060900000,2025-12-30 02:15:00+00:00,87363.649995,36259,1767061800000,2025-12-30 02:30:00+00:00,87195.84541998616,stop_loss,87239.46515256244,87440.77727115636,0.31099149121379577,-0.2918838904377607,622.8920431920396,778.0052551274098
bot01_ema_rsi_atr,36304,1767075300000,2025-12-30 06:15:00+00:00,87424.05017999999,36307,1767076200000,2025-12-30 06:30:00+00:00,87429.97890970205,take_profit,87318.12282160943,87473.71576758585,0.3110570426535729,-0.09322520409411147,622.4042041019278,777.7047397383906
bot01_ema_rsi_atr,36374,1767096600000,2025-12-30 12:10:00+00:00,88074.02500499999,36379,1767098100000,2025-12-30 12:35:00+00:00,87895.15668477815,stop_loss,87939.1262479021,88166.33562814684,0.31061078487171995,-0.3028855294071924,622.1637917907125,777.0785588778302
bot01_ema_rsi_atr,36532,1767144000000,2025-12-31 01:20:00+00:00,88697.08638,36540,1767146400000,2025-12-31 02:00:00+00:00,88507.22875168674,stop_loss,88551.5045039387,88804.64324409193,0.3103436705238376,-0.31383765625891885,621.6628471022642,776.4358778917874
bot01_ema_rsi_atr,36681,1767189000000,2025-12-31 13:50:00+00:00,89038.787145,36684,1767189900000,2025-12-31 14:05:00+00:00,89060.00314773578,take_profit,88920.77971636766,89104.5554254485,0.3104560285296699,-0.07619600691714007,621.1487023134299,776.162386411791
bot01_ema_rsi_atr,36734,1767204900000,2025-12-31 18:15:00+00:00,87905.560815,36741,1767207000000,2025-12-31 18:50:00+00:00,87678.9745742941,stop_loss,87722.83599229025,88069.82101156464,0.30990999345145664,-0.3575032254689505,620.9299091294328,775.452747782362
bot01_ema_rsi_atr,37036,1767296100000,2026-01-01 19:35:00+00:00,88323.7398,37038,1767296700000,2026-01-01 19:45:00+00:00,88318.69845867589,take_profit,88224.08006758321,88362.8798986252,0.3100171651591821,-0.10570209096011672,620.3621982258896,775.1338872129966
bot01_ema_rsi_atr,37126,1767323100000,2026-01-02 03:05:00+00:00,88797.11637,37127,1767323400000,2026-01-02 03:10:00+00:00,88838.94679673473,take_profit,88665.6410060132,88883.38849098021,0.30997148488478116,-0.05293924170480187,620.1071097703973,774.8968725051369
bot01_ema_rsi_atr,37185,1767341100000,2026-01-02 08:05:00+00:00,89021.818665,37186,1767341400000,2026-01-02 08:10:00+00:00,89043.3602854807,take_profit,88903.61384160034,89087.90423759949,0.3098412342447789,-0.07582606243846828,619.9174980041096,774.6244958881173
bot01_ema_rsi_atr,37247,1767359700000,2026-01-02 13:15:00+00:00,89654.48483999999,37250,1767360600000,2026-01-02 13:30:00+00:00,89476.61282256065,stop_loss,89521.37350931531,89742.13973602702,0.3093878141091435,-0.2981988360526684,619.6995967104938,774.0080487270823
bot01_ema_rsi_atr,37266,1767365400000,2026-01-02 14:50:00+00:00,89743.66941,37268,1767366000000,2026-01-02 15:00:00+00:00,89383.07891480665,stop_loss,89427.79281121226,90105.36078318163,0.3088270462624283,-0.5013986803374587,619.2064389816658,773.0778500621606
bot01_ema_rsi_atr,37480,1767429900000,2026-01-03 08:45:00+00:00,89778.25669499999,37487,1767432000000,2026-01-03 09:20:00+00:00,89580.70955832917,stop_loss,89625.52231948891,89895.19152076665,0.30873665018684054,-0.3198189147341173,618.4622800497284,772.4292391439624
bot01_ema_rsi_atr,37488,1767432300000,2026-01-03 09:25:00+00:00,89848.04157,37489,1767432600000,2026-01-03 09:30:00+00:00,89898.10169106213,take_profit,89709.85118154937,89943.07322767595,0.3089031977348066,-0.04433928656965711,617.94339131517,772.2063238712781
bot01_ema_rsi_atr,37526,1767443700000,2026-01-03 12:35:00+00:00,89786.820975,37528,1767444300000,2026-01-03 12:45:00+00:00,89768.36553865291,take_profit,89694.40188350648,89813.27217474028,0.3086963750476568,-0.12053417273327693,617.7650590970225,771.8659142601502
bot01_ema_rsi_atr,37572,1767457800000,2026-01-03 16:30:00+00:00,90178.916925,37579,1767459900000,2026-01-03 17:05:00+00:00,90019.84125391356,stop_loss,90064.87369075893,90237.3144638616,0.30831995043555427,-0.2762236682744062,617.4927314081202,771.2855522240609
bot01_ema_rsi_atr,37594,1767464400000,2026-01-03 18:20:00+00:00,90232.09349999999,37598,1767465600000,2026-01-03 18:40:00+00:00,90096.2109757716,stop_loss,90141.28161657989,90255.57757513017,0.3081278968516637,-0.25044164048367634,617.0284417792487,770.7453573996934
bot01_ema_rsi_atr,37620,1767472200000,2026-01-03 20:30:00+00:00,90258.596745,37621,1767472500000,2026-01-03 20:35:00+00:00,90224.97578272322,take_profit,90175.74277457182,90270.1108381423,0.30808663140256426,-0.1372123459989107,616.5962859197547,770.3799082824576
bot01_ema_rsi_atr,37937,1767567600000,2026-01-04 23:00:00+00:00,91514.584425,37939,1767568200000,2026-01-04 23:10:00+00:00,91340.0115697375,stop_loss,91385.70442194847,91593.5683670773,0.30770426651962823,-0.2905688404782863,616.303926625966,769.7785832042396
bot01_ema_rsi_atr,38124,1767624000000,2026-01-05 14:40:00+00:00,93334.413885,38125,1767624300000,2026-01-05 14:45:00+00:00,93067.01415838044,stop_loss,93113.57094385236,93549.06858422147,0.3073168410719024,-0.3862098938362621,615.8228665633917,769.0306298700151
bot01_ema_rsi_atr,38277,1767670200000,2026-01-06 03:30:00+00:00,93936.60483,38279,1767670800000,2026-01-06 03:40:00+00:00,93743.56145375801,stop_loss,93790.45668209906,94038.46497685142,0.3071426843290065,-0.30529838524049824,615.224503896012,768.4077256926605
bot01_ema_rsi_atr,38403,1767708300000,2026-01-06 14:05:00+00:00,94016.42472,38404,1767708600000,2026-01-06 14:10:00+00:00,94042.05445230064,take_profit,93889.66733213232,94089.09900180153,0.3072512618236201,-0.07276635157676382,614.7261805541284,768.1423275225313
bot01_ema_rsi_atr,38417,1767712500000,2026-01-06 15:15:00+00:00,94102.96797,38421,1767713700000,2026-01-06 15:35:00+00:00,93786.30371994231,stop_loss,93833.22033010736,94390.01950483896,0.30658684705626793,-0.4361717410533601,614.5138620180251,767.319285188235
bot01_ema_rsi_atr,38474,1767729600000,2026-01-06 20:00:00+00:00,92451.112455,38482,1767732000000,2026-01-06 20:40:00+00:00,92616.72455682038,take_profit,92232.81261009147,92663.05608486281,0.3070488824619506,0.07895565053271113,613.855428150588,767.2868685494673
bot01_ema_rsi_atr,38555,1767753900000,2026-01-07 02:45:00+00:00,92966.43998999998,38565,1767757200000,2026-01-07 03:40:00+00:00,92713.05501569637,stop_loss,92759.4347330629,93160.79790040564,0.30634345207244196,-0.3722827607000159,613.8294948395738,766.5626871237598
bot01_ema_rsi_atr,38598,1767767100000,2026-01-07 06:25:00+00:00,92876.69514,38600,1767767700000,2026-01-07 06:35:00+00:00,92699.06788002254,stop_loss,92745.4406003227,92957.53909951594,0.3061788443371664,-0.2910593744210868,613.2501496990078,765.9635903045098
bot01_ema_rsi_atr,38682,1767792300000,2026-01-07 13:25:00+00:00,92281.53770999999,38684,1767792900000,2026-01-07 13:35:00+00:00,92091.87399239953,stop_loss,92137.94296388146,92381.6355541778,0.30591770545783725,-0.30532173453621236,612.7708722436079,765.3431346531462
bot01_ema_rsi_atr,38790,1767825000000,2026-01-07 22:30:00+00:00,91280.267325,38791,1767825300000,2026-01-07 22:35:00+00:00,91063.44110222382,stop_loss,91108.99560002383,91423.13159996424,0.3056209511654283,-0.3373014484961581,612.274507722517,764.6742796330813
bot01_ema_rsi_atr,38798,1767827400000,2026-01-07 23:10:00+00:00,91283.23881,38800,1767828000000,2026-01-07 23:20:00+00:00,91393.17696942436,take_profit,91103.43572157789,91438.89641763316,0.3059007818969435,0.02031586816670391,611.739423706465,764.552383750822
bot01_ema_rsi_atr,38988,1767884700000,2026-01-08 15:05:00+00:00,90375.17500499998,38998,1767887700000,2026-01-08 15:55:00+00:00,90656.52968981938,take_profit,90082.09624657703,90701.88063013444,0.3061436056646497,0.2110072319296009,611.6419070006575,764.7218027862283
bot01_ema_rsi_atr,39104,1767919500000,2026-01-09 00:45:00+00:00,91329.692025,39111,1767921600000,2026-01-09 01:20:00+00:00,91159.90677154306,stop_loss,91205.50952630621,91401.8607105407,0.3054517318967818,-0.28571777090528294,611.7774422289826,764.1323061971792
bot01_ema_rsi_atr,39121,1767924600000,2026-01-09 02:10:00+00:00,91480.72750499999,39124,1767925500000,2026-01-09 02:25:00+00:00,91248.95325273083,stop_loss,91294.60055300733,91645.624170489,0.3051132842977539,-0.35310519967633625,611.3058449577434,763.4403811930031
bot01_ema_rsi_atr,39252,1767964200000,2026-01-09 13:10:00+00:00,90675.51509999999,39256,1767965400000,2026-01-09 13:30:00+00:00,90498.41055804557,stop_loss,90543.68239924518,90759.97640113223,0.30492553711571324,-0.29512151347289506,610.7523049544025,762.837528370638
bot01_ema_rsi_atr,39278,1767972000000,2026-01-09 15:20:00+00:00,90955.41498,39279,1767972300000,2026-01-09 15:25:00+00:00,91242.53789341183,take_profit,90657.81201039733,91288.18198440403,0.3054635787052392,0.21535867387498867,610.2700226965104,763.0131996545908
bot01_ema_rsi_atr,39396,1768007700000,2026-01-10 01:15:00+00:00,90694.56462,39402,1768009500000,2026-01-10 01:45:00+00:00,90678.93159418806,take_profit,90599.20417262761,90724.29374105859,0.3050263994027441,-0.11721976708478718,610.4105597236727,762.6818954360268
bot01_ema_rsi_atr,39449,1768023600000,2026-01-10 05:40:00+00:00,90652.72370999999,39456,1768025700000,2026-01-10 06:15:00+00:00,90525.41499362266,stop_loss,90570.70034379455,90662.49948430815,0.30470622059803054,-0.24029518635071676,610.1455163488215,762.1631880181358
bot01_ema_rsi_atr,39467,1768029000000,2026-01-10 07:10:00+00:00,90648.331515,39469,1768029600000,2026-01-10 07:20:00+00:00,90525.91216997158,stop_loss,90571.197768856,90650.778346716,0.3045071902135492,-0.23491359812083612,609.7305504145086,761.6530284718207
bot01_ema_rsi_atr,39671,1768090500000,2026-01-11 00:15:00+00:00,90602.748735,39677,1768092300000,2026-01-11 00:45:00+00:00,90576.72113881011,take_profit,90514.4285634083,90622.03215488755,0.3044651642871419,-0.12869843239498632,609.3224227774565,761.3048468116415
bot01_ema_rsi_atr,39769,1768120200000,2026-01-11 08:30:00+00:00,90814.71466499999,39770,1768120500000,2026-01-11 08:35:00+00:00,90694.93663560637,stop_loss,90740.30678900087,90812.86481649871,0.3041690573887367,-0.2317608625492401,609.0438774493132,760.8000573876951
bot01_ema_rsi_atr,39864,1768148700000,2026-01-11 16:25:00+00:00,91083.94921499999,39865,1768149000000,2026-01-11 16:30:00+00:00,91107.39245302492,take_profit,90962.07070833755,91152.96893749366,0.30420698680981717,-0.07428768187068441,608.6400459101561,760.534974267102
bot01_ema_rsi_atr,39946,1768173300000,2026-01-11 23:15:00+00:00,91082.51849999999,39947,1768173600000,2026-01-11 23:20:00+00:00,90858.93599666885,stop_loss,90904.38819076422,91235.91771385366,0.30368887530309785,-0.34522699251866873,608.4279794136817,759.8582779829094
bot01_ema_rsi_atr,40117,1768224900000,2026-01-12 13:35:00+00:00,90789.93228,40118,1768225200000,2026-01-12 13:40:00+00:00,90610.40695864098,stop_loss,90655.734826054,90877.797760919,0.3034911357940059,-0.2975392992744585,607.8866223863275,759.2545831035541
bot01_ema_rsi_atr,40130,1768228800000,2026-01-12 14:40:00+00:00,90855.405,40131,1768229100000,2026-01-12 14:45:00+00:00,90580.70311909032,stop_loss,90626.0161271539,91085.97580926915,0.3030913192581275,-0.40204827002727694,607.4036664828433,758.4928287176226
bot01_ema_rsi_atr,40241,1768262400000,2026-01-13 00:00:00+00:00,91417.33582499999,40246,1768263900000,2026-01-13 00:25:00+00:00,91460.54296149492,take_profit,91281.88592696686,91506.2961095497,0.30331705944724224,-0.052783649874608096,606.794262974098,758.261138184112
bot01_ema_rsi_atr,40281,1768274400000,2026-01-13 03:20:00+00:00,91471.3128,40284,1768275300000,2026-01-13 03:35:00+00:00,91286.30763785612,stop_loss,91331.97362466845,91566.03956299734,0.3028463857916744,-0.3020525903961127,606.6089105472896,757.6518745439868
bot01_ema_rsi_atr,40402,1768311000000,2026-01-13 13:30:00+00:00,92326.14,40403,1768311300000,2026-01-13 13:35:00+00:00,92124.88704950667,stop_loss,92170.97253577455,92443.54119633819,0.302579243131484,-0.31776248583860944,606.1214996351894,757.0193189896534
bot01_ema_rsi_atr,40505,1768341900000,2026-01-13 22:05:00+00:00,94747.64014499998,40506,1768342200000,2026-01-13 22:10:00+00:00,94893.35596044477,take_profit,94539.93241757894,94940.82637363157,0.3028889403492542,0.05363981562660671,605.6154551917227,756.9490466664948
bot01_ema_rsi_atr,40614,1768374900000,2026-01-14 07:15:00+00:00,95141.54699999999,40616,1768375500000,2026-01-14 07:25:00+00:00,94923.00746990734,stop_loss,94970.49271626548,95279.26092560179,0.30228083516673826,-0.3294696664566031,605.5592373331958,756.2993721408017
bot01_ema_rsi_atr,40620,1768376700000,2026-01-14 07:45:00+00:00,95238.11526,40630,1768379700000,2026-01-14 08:35:00+00:00,95010.30619149399,stop_loss,95057.83510904851,95389.54733642725,0.30200703797427086,-0.33896027217276464,605.0394977126414,755.6359140952057
bot01_ema_rsi_atr,40654,1768386900000,2026-01-14 10:35:00+00:00,95173.88316,40659,1768388400000,2026-01-14 11:00:00+00:00,94963.40289551367,stop_loss,95010.90834968851,95299.43747546726,0.3017693497973004,-0.3209322318690421,604.5087312761646,755.0002560874455
bot01_ema_rsi_atr,40695,1768399200000,2026-01-14 14:00:00+00:00,95297.614995,40697,1768399800000,2026-01-14 14:10:00+00:00,95358.59058577148,take_profit,95145.7875115748,95406.2937326378,0.3019456222180993,-0.03607960158928771,604.0002048699564,754.794830299566
bot01_ema_rsi_atr,40759,1768418400000,2026-01-14 19:20:00+00:00,97376.60397,40767,1768421100000,2026-01-14 20:05:00+00:00,97650.0515275966,take_profit,97080.63268127624,97698.90097808564,0.3021904638026962,0.18053361783202845,603.8358642396528,754.916130484693
bot01_ema_rsi_atr,41074,1768513500000,2026-01-15 21:45:00+00:00,95668.89054,41083,1768516200000,2026-01-15 22:30:00+00:00,95769.18623555602,take_profit,95490.40347803502,95817.09478294749,0.3019735958638446,0.0047314328565001024,603.9329043877544,754.7722837848935
bot01_ema_rsi_atr,41168,1768542000000,2026-01-16 05:40:00+00:00,95646.9996,41173,1768543500000,2026-01-16 06:05:00+00:00,95692.98100214578,take_profit,95504.76571476019,95740.8514278597,0.30183045643310624,-0.05197400761576813,603.8178270279147,754.5429507043661
bot01_ema_rsi_atr,41197,1768550700000,2026-01-16 08:05:00+00:00,95687.37977999999,41199,1768551300000,2026-01-16 08:15:00+00:00,95693.06007259771,take_profit,95571.97964142222,95740.93053786665,0.30167522112406503,-0.09406963351052568,603.6343605634929,754.2502249157016
bot01_ema_rsi_atr,41268,1768572000000,2026-01-16 14:00:00+00:00,95555.11368,41271,1768572900000,2026-01-16 14:15:00+00:00,95381.94725072227,stop_loss,95429.66208176315,95623.90687735527,0.3012761405498724,-0.2810402983013237,603.4001799325613,753.6758494037266
bot01_ema_rsi_atr,41273,1768573500000,2026-01-16 14:25:00+00:00,95767.849995,41274,1768573800000,2026-01-16 14:30:00+00:00,95578.63868887736,stop_loss,95626.45191483476,95860.29712774788,0.30102209057646945,-0.29737531418570323,602.9406795229813,753.0773132980097
bot01_ema_rsi_atr,41315,1768586100000,2026-01-16 17:55:00+00:00,95133.813135,41331,1768590900000,2026-01-16 19:15:00+00:00,94871.70928326432,stop_loss,94919.16886769817,95336.92169845274,0.3006657630755257,-0.3752352073940105,602.4618506384078,752.3621007539156
bot01_ema_rsi_atr,41345,1768595100000,2026-01-16 20:25:00+00:00,95174.20332,41350,1768596600000,2026-01-16 20:50:00+00:00,95249.81707777943,take_profit,95012.75612621017,95297.46581068476,0.3009137952782114,-0.020631703353832142,601.8896806031324,752.1806143554332
bot01_ema_rsi_atr,41525,1768649400000,2026-01-17 11:30:00+00:00,95325.91914,41533,1768651800000,2026-01-17 12:10:00+00:00,95283.78855129685,take_profit,95242.83048104262,95331.45427843607,0.30065538881252185,-0.14415216605741624,601.7444914843466,751.8135381598403
bot01_ema_rsi_atr,41546,1768655700000,2026-01-17 13:15:00+00:00,95415.78405,41548,1768656300000,2026-01-17 13:25:00+00:00,95282.30660396432,stop_loss,95329.9715897592,95425.29261536122,0.300364920025684,-0.23975043009632638,601.4508305278722,751.3030407091944
bot01_ema_rsi_atr,41739,1768713900000,2026-01-18 05:25:00+00:00,95192.762595,41740,1768714200000,2026-01-18 05:30:00+00:00,95066.61543869118,stop_loss,95114.17252495365,95191.71621256952,0.30017203305833584,-0.23238507394586627,601.0424325673555,750.8039460589359
bot01_ema_rsi_atr,41741,1768714500000,2026-01-18 05:35:00+00:00,95181.43693499999,41743,1768715100000,2026-01-18 05:45:00+00:00,95139.80711553208,take_profit,95098.1827893733,95187.40081594004,0.3001058069903064,-0.143693592981625,600.6431568471487,750.4382296078894
bot01_ema_rsi_atr,41816,1768737300000,2026-01-18 11:55:00+00:00,95218.92567,41818,1768737900000,2026-01-18 12:05:00+00:00,95092.7519303889,stop_loss,95140.32209143462,95217.86686284805,0.2998265232910732,-0.23237658898643396,600.3505836863116,749.9397221784374
bot01_ema_rsi_atr,42497,1768942500000,2026-01-20 20:55:00+00:00,89793.16414499999,42504,1768944600000,2026-01-20 21:30:00+00:00,89512.99778734997,stop_loss,89557.77667568781,90034.05998646827,0.29935838700304984,-0.41170100080269306,599.9517777427499,749.1728498675449
bot01_ema_rsi_atr,42702,1769004300000,2026-01-21 14:05:00+00:00,89174.114775,42703,1769004600000,2026-01-21 14:10:00+00:00,89395.7882347594,take_profit,88922.24434066407,89440.5084890039,0.2998913991539639,0.14833639992773262,599.3382798940358,749.2450522453103
bot01_ema_rsi_atr,43101,1769124600000,2026-01-22 23:30:00+00:00,89624.779995,43108,1769126700000,2026-01-23 00:05:00+00:00,89414.9425243758,stop_loss,89459.67236055607,89760.46645916591,0.29919768295601357,-0.3338947255048025,599.3960417962483,748.5953656306929
bot01_ema_rsi_atr,43295,1769183100000,2026-01-23 15:45:00+00:00,89890.17262499999,43296,1769183400000,2026-01-23 15:50:00+00:00,89541.47677307477,stop_loss,89586.26990802879,90233.72013795681,0.2987082279002933,-0.487525294368399,598.8762925045543,747.7164581239349
bot01_ema_rsi_atr,43634,1769285400000,2026-01-24 20:10:00+00:00,89421.158235,43644,1769288400000,2026-01-24 21:00:00+00:00,89304.86060514352,stop_loss,89349.53537282992,89416.87194075511,0.2987427443439194,-0.22992599796268573,598.1731664991479,747.2234197655612
bot01_ema_rsi_atr,43655,1769291700000,2026-01-24 21:55:00+00:00,89431.963635,43658,1769292600000,2026-01-24 22:10:00+00:00,89377.54382539558,take_profit,89363.94669808533,89422.25495287201,0.29864907630171145,-0.16078966354432545,597.778735812449,746.8339237686996
bot01_ema_rsi_atr,43667,1769295300000,2026-01-24 22:55:00+00:00,89476.846065,43668,1769295600000,2026-01-24 23:00:00+00:00,89353.56801103144,stop_loss,89398.26714460374,89482.92428309438,0.2983786162082879,-0.2376387091528973,597.4671390149597,746.3299586380531
bot01_ema_rsi_atr,43673,1769297100000,2026-01-24 23:25:00+00:00,89427.58144499999,43676,1769298000000,2026-01-24 23:40:00+00:00,89300.18746030412,stop_loss,89344.85989024924,89439.93516462615,0.29817029335932643,-0.24231245959552344,597.0639669104424,745.8193642405265
bot01_ema_rsi_atr,43803,1769336400000,2026-01-25 10:20:00+00:00,88663.80975,43806,1769337300000,2026-01-25 10:35:00+00:00,88502.01565045738,stop_loss,88546.2887948548,88729.3168077178,0.2979066591445916,-0.2822979476054796,596.6554913924213,745.249534902611
bot01_ema_rsi_atr,43827,1769343600000,2026-01-25 12:20:00+00:00,88772.14388999999,43836,1769346300000,2026-01-25 13:05:00+00:00,88810.37245557351,take_profit,88643.10009633249,88854.79985550126,0.2980148862654824,-0.05697936837566923,596.1996279220888,745.015642227764
bot01_ema_rsi_atr,43964,1769385000000,2026-01-25 23:50:00+00:00,86685.50108999999,43967,1769385900000,2026-01-26 00:05:00+00:00,86926.81513095993,take_profit,86423.433145933,86970.30028110048,0.2982716320617085,0.1781004018984629,596.0125137822113,745.1317488947508
bot01_ema_rsi_atr,44110,1769428800000,2026-01-26 12:00:00+00:00,88001.468745,44111,1769429100000,2026-01-26 12:05:00+00:00,87845.9635444164,stop_loss,87889.90849866573,88058.86225200143,0.2976405958030239,-0.27653079840425493,596.1053991158007,744.5710308938503
bot01_ema_rsi_atr,44113,1769429700000,2026-01-26 12:15:00+00:00,87958.39722,44116,1769430600000,2026-01-26 12:30:00+00:00,87791.70775994271,stop_loss,87835.62557272907,88032.66164090639,0.29739757388968846,-0.28931992380526395,595.6568247150802,743.9917090582877
bot01_ema_rsi_atr,44141,1769438100000,2026-01-26 14:35:00+00:00,88159.547745,44142,1769438400000,2026-01-26 14:40:00+00:00,88298.85433167606,take_profit,87963.79943693444,88343.02584459836,0.2976827760113383,0.05785843240929707,595.1933672466301,743.9289170121112
bot01_ema_rsi_atr,44225,1769463600000,2026-01-26 21:40:00+00:00,88192.624275,44226,1769463900000,2026-01-26 21:45:00+00:00,87967.36638535162,stop_loss,88011.3720713873,88354.31689291906,0.2970431386569862,-0.35516037606165335,595.143133609689,743.2522315089984
bot01_ema_rsi_atr,44269,1769476800000,2026-01-27 01:20:00+00:00,88461.93886499999,44271,1769477400000,2026-01-27 01:30:00+00:00,88515.12663488393,take_profit,88323.27910796468,88559.40633805296,0.29724152891097555,-0.03993509209069797,594.6017852071988,743.0442767337654
bot01_ema_rsi_atr,44343,1769499000000,2026-01-27 07:30:00+00:00,88598.307015,44345,1769499600000,2026-01-27 07:40:00+00:00,88445.53502735472,stop_loss,88489.77991731337,88650.40512402996,0.29681310860638177,-0.2722597426515009,594.4354213870123,742.4914703933813
bot01_ema_rsi_atr,44393,1769514300000,2026-01-27 11:45:00+00:00,88087.90194,44396,1769515200000,2026-01-27 12:00:00+00:00,87926.95335348994,stop_loss,87970.93882290139,88153.29176564793,0.29657703459444873,-0.2825308974132141,593.993176314705,741.9238380899617
bot01_ema_rsi_atr,44420,1769522400000,2026-01-27 14:00:00+00:00,88096.72635,44422,1769523000000,2026-01-27 14:10:00+00:00,88131.98086130373,take_profit,87970.45406949894,88176.0688957516,0.29668047164239153,-0.060022059557006346,593.5390704719694,741.6864787923441
bot01_ema_rsi_atr,44479,1769540100000,2026-01-27 18:55:00+00:00,88323.129495,44481,1769540700000,2026-01-27 19:05:00+00:00,88013.5447515997,stop_loss,88057.57353836887,88611.1146924467,0.2960068314953004,-0.450163270284068,593.3491830338753,740.8710492349701
bot01_ema_rsi_atr,44611,1769580000000,2026-01-28 06:00:00+00:00,89286.88113,44619,1769582400000,2026-01-28 06:40:00+00:00,89098.86249992125,stop_loss,89143.43421702976,89390.49867445536,0.29588853505048884,-0.3103675356015433,592.6968393879761,740.2634502662675
bot01_ema_rsi_atr,44654,1769592900000,2026-01-28 09:35:00+00:00,89378.997165,44658,1769594100000,2026-01-28 09:55:00+00:00,89455.41047574213,take_profit,89223.77629598658,89500.16055602014,0.296083776396343,-0.01459190654100385,592.2107602130139,740.0938154697603
bot01_ema_rsi_atr,44972,1769688900000,2026-01-29 12:15:00+00:00,88062.76937999998,44976,1769690100000,2026-01-29 12:35:00+00:00,87882.75211025603,stop_loss,87926.71546799001,88156.82679801498,0.29558723112965324,-0.30421485008970983,592.0750523758082,739.4959519434738
bot01_ema_rsi_atr,45159,1769745000000,2026-01-30 03:50:00+00:00,82652.88579,45162,1769746200000,2026-01-30 04:10:00+00:00,82904.43232321173,take_profit,82388.6964827669,82945.90527584965,0.2961001491905364,0.20403655513854937,591.596761554779,739.6495193978188
bot01_ema_rsi_atr,45276,1769780400000,2026-01-30 13:40:00+00:00,82966.75264499999,45277,1769780700000,2026-01-30 13:45:00+00:00,82700.11947031696,stop_loss,82741.49021542467,83200.98967686297,0.29523694572128023,-0.4210521480189514,591.7196155182551,738.8793503181298
bot01_ema_rsi_atr,45299,1769787300000,2026-01-30 15:35:00+00:00,83201.58,45304,1769788800000,2026-01-30 16:00:00+00:00,82781.15805789102,stop_loss,82822.5693425623,83666.14598615655,0.2946579917639892,-0.6047999330864572,591.1034802545039,737.8387198331668
bot01_ema_rsi_atr,45311,1769790900000,2026-01-30 16:35:00+00:00,83322.6405,45316,1769792400000,2026-01-30 17:00:00+00:00,82888.47552007636,stop_loss,82929.94049032152,83807.58926451772,0.29421976549009743,-0.620543770985887,590.2709758665335,736.776345368474
bot01_ema_rsi_atr,45321,1769793900000,2026-01-30 17:25:00+00:00,83414.32632,45322,1769794200000,2026-01-30 17:30:00+00:00,83023.4478609548,stop_loss,83064.98035113036,83834.12947330445,0.2938733684897603,-0.5681301136307662,589.4210762947793,735.7926576114287
bot01_ema_rsi_atr,45328,1769796000000,2026-01-30 18:00:00+00:00,83195.23683,45329,1769796300000,2026-01-30 18:05:00+00:00,82824.0894088357,stop_loss,82865.52216992066,83585.86674511901,0.2935140629763656,-0.5456700742384756,588.6341260891429,734.8433020117686
bot01_ema_rsi_atr,45386,1769813700000,2026-01-30 22:55:00+00:00,84260.50919999999,45388,1769814300000,2026-01-30 23:05:00+00:00,83975.7476465095,stop_loss,84017.75652477187,84519.36521284217,0.29329416272623143,-0.4376157996645489,587.8746416094149,734.0538184309687
bot01_ema_rsi_atr,45390,1769814900000,2026-01-30 23:15:00+00:00,84208.01296499999,45392,1769815500000,2026-01-30 23:25:00+00:00,83933.67043185476,stop_loss,83975.65826098525,84451.3376085221,0.2929968979433615,-0.42546569021406266,587.243054744775,733.2830028676856
bot01_ema_rsi_atr,45395,1769816400000,2026-01-30 23:40:00+00:00,84269.97393,45409,1769820600000,2026-01-31 00:50:00+00:00,84018.70533458304,stop_loss,84060.73570243425,84478.54644634861,0.29272969443109326,-0.3978727951548293,586.6264022941484,732.553423057847
bot01_ema_rsi_atr,45412,1769821500000,2026-01-31 01:05:00+00:00,84245.171535,45417,1769823000000,2026-01-31 01:30:00+00:00,84049.84492744901,stop_loss,84091.89087288544,84369.83869067185,0.29253550594372274,-0.33162310360109737,586.0427384462776,731.9215349570987
bot01_ema_rsi_atr,45657,1769895300000,2026-01-31 21:35:00+00:00,78194.37765,45678,1769901600000,2026-01-31 23:20:00+00:00,78650.25156463367,take_profit,77799.10242478996,78689.59636281508,0.2934747980610131,0.48241788528262003,585.537227965679,732.4806285442028
bot01_ema_rsi_atr,45786,1769934300000,2026-02-01 08:25:00+00:00,78541.100925,45788,1769934900000,2026-02-01 08:35:00+00:00,78708.31280797921,take_profit,78337.9588991301,78747.68665130486,0.2931573297013923,0.11268440234335601,585.9845028353623,732.4990456239215
bot01_ema_rsi_atr,45826,1769946300000,2026-02-01 11:45:00+00:00,78775.20791999999,45829,1769947200000,2026-02-01 12:00:00+00:00,78538.10977744932,stop_loss,78577.39847668767,78973.5022849685,0.29241262328072143,-0.4006796816691994,585.9992364991372,731.7661378409184
bot01_ema_rsi_atr,45899,1769968200000,2026-02-01 17:50:00+00:00,77728.454805,45901,1769968800000,2026-02-01 18:00:00+00:00,78055.44115988184,take_profit,77419.69106394408,78094.48840408388,0.2931751617735455,0.3202571237862239,585.4129102727347,732.0880225438913
bot01_ema_rsi_atr,46052,1770014400000,2026-02-02 06:40:00+00:00,76542.822285,46076,1770021600000,2026-02-02 08:40:00+00:00,76877.03225500001,time_stop,76031.34773120638,77214.40340319044,0.2933274572935025,0.336194733958022,585.670418035113,732.4333609670525
bot01_ema_rsi_atr,46409,1770122100000,2026-02-03 12:35:00+00:00,78368.814825,46429,1770128100000,2026-02-03 14:15:00+00:00,78142.05997993269,stop_loss,78181.15055521029,78552.39916718456,0.29240343232317456,-0.38905386757229005,585.946688773642,731.7175321432763
bot01_ema_rsi_atr,46551,1770164700000,2026-02-04 00:25:00+00:00,76052.597295,46558,1770166800000,2026-02-04 01:00:00+00:00,76308.13460061466,take_profit,75793.44483033872,76346.3077544919,0.2930318929307518,0.23566476016437765,585.3740257146211,731.9157238302155
bot01_ema_rsi_atr,46583,1770174600000,2026-02-04 03:10:00+00:00,76670.09589,46585,1770175200000,2026-02-04 03:20:00+00:00,76373.26605281257,stop_loss,76411.47178870691,76962.24231693962,0.29205374778742565,-0.48676488389383116,585.5325790641724,731.0575114825335
bot01_ema_rsi_atr,46622,1770186300000,2026-02-04 06:25:00+00:00,76514.127945,46624,1770186900000,2026-02-04 06:35:00+00:00,76624.71287119821,take_profit,76351.1204044034,76663.0443933949,0.29248789945546844,0.04438423888386608,584.8460091860268,730.9761299478296
bot01_ema_rsi_atr,46637,1770190800000,2026-02-04 07:40:00+00:00,76581.75173999999,46641,1770192000000,2026-02-04 08:00:00+00:00,76357.34371151004,stop_loss,76395.54148225117,76765.38777662325,0.2918162882839984,-0.3927376501161433,584.7809039582637,730.2563451904018
bot01_ema_rsi_atr,46767,1770230100000,2026-02-04 18:35:00+00:00,73934.97901499999,46776,1770232800000,2026-02-04 19:20:00+00:00,73347.83685662574,stop_loss,73384.52912118634,74668.2813182205,0.2907978051435815,-0.8933389905972255,584.2050761523215,728.806865721717
bot01_ema_rsi_atr,46846,1770253800000,2026-02-05 01:10:00+00:00,73202.332875,46847,1770254100000,2026-02-05 01:15:00+00:00,72880.44187137613,stop_loss,72916.90032153689,73539.02451769468,0.29073667259795044,-0.5392880663644335,583.0454925773736,727.875816731527
bot01_ema_rsi_atr,47381,1770415200000,2026-02-06 22:00:00+00:00,70597.44108,47387,1770417000000,2026-02-06 22:30:00+00:00,70916.82199871844,take_profit,70302.06790147179,70952.29814779233,0.2916626710624964,0.35194490468594186,582.3006533852216,728.2420735936964
bot01_ema_rsi_atr,47426,1770428700000,2026-02-07 01:45:00+00:00,70560.832785,47438,1770432300000,2026-02-07 02:45:00+00:00,70243.42715059129,stop_loss,70278.56643380818,70896.07534928774,0.2904966621342474,-0.5493827754846163,582.5936588749571,727.2970580430497
bot01_ema_rsi_atr,47550,1770465900000,2026-02-07 12:05:00+00:00,68794.7802,47552,1770466500000,2026-02-07 12:15:00+00:00,69100.49459684776,take_profit,68510.62524805886,69135.0621279117,0.29141911871783455,0.34394165017028533,581.8376464344398,727.6513938365551
bot01_ema_rsi_atr,47623,1770488100000,2026-02-07 18:15:00+00:00,69307.846605,47627,1770489300000,2026-02-07 18:35:00+00:00,69590.51801088543,take_profit,69038.46288251766,69625.33067622353,0.29150797759643843,0.30744121814798986,582.1211150692441,727.9528361995424
bot01_ema_rsi_atr,47751,1770526500000,2026-02-08 04:55:00+00:00,69379.282305,47757,1770528300000,2026-02-08 05:25:00+00:00,69194.06841334977,stop_loss,69228.68275472712,69518.50086790932,0.2906472661839016,-0.3666915419291547,582.3622689596339,727.2739112046829
bot01_ema_rsi_atr,47766,1770531300000,2026-02-08 06:15:00+00:00,69408.91711499999,47776,1770534300000,2026-02-08 07:05:00+00:00,69216.58771726432,stop_loss,69251.21332392628,69558.75501411057,0.29036146323002665,-0.37681899721846424,581.8191289637464,726.5809032718473
bot01_ema_rsi_atr,48010,1770604800000,2026-02-09 02:40:00+00:00,70900.55256,48012,1770605400000,2026-02-09 02:50:00+00:00,70586.18363200293,stop_loss,70621.49437919252,71230.55843121122,0.2898433659550289,-0.5429507919607611,581.2647226174779,725.6473807328367
bot01_ema_rsi_atr,48049,1770616500000,2026-02-09 05:55:00+00:00,71077.55101499999,48050,1770616800000,2026-02-09 06:00:00+00:00,70858.45993321903,stop_loss,70893.90688666236,71264.21467000645,0.28966691972452474,-0.4079340629687511,580.5179045862694,724.9108107206489
bot01_ema_rsi_atr,48154,1770648000000,2026-02-09 14:40:00+00:00,69194.59000499999,48158,1770649200000,2026-02-09 15:00:00+00:00,69592.0664347253,take_profit,68848.76341689157,69626.87987466263,0.2906513344131796,0.4738583800653995,579.9286485765191,725.4521516732998
bot01_ema_rsi_atr,48282,1770686700000,2026-02-10 01:25:00+00:00,70405.16498999999,48295,1770690600000,2026-02-10 02:30:00+00:00,70172.20511390793,stop_loss,70207.30876829207,70613.98684756187,0.2895561683741359,-0.43055375447104166,580.3617213386399,724.6829936400763
bot01_ema_rsi_atr,48370,1770713400000,2026-02-10 08:50:00+00:00,69230.167785,48381,1770716700000,2026-02-10 09:45:00+00:00,69001.7828206691,stop_loss,69036.30097115468,69434.47354326799,0.2892506043724374,-0.42956236661901065,579.7463949120611,723.9160865508388
bot01_ema_rsi_atr,48426,1770730200000,2026-02-10 13:30:00+00:00,69067.45647,48435,1770732900000,2026-02-10 14:15:00+00:00,69249.68622804331,take_profit,68865.34773850704,69284.32839223943,0.28980327001467865,0.1635793144696564,579.1328692406711,724.0079018924774
bot01_ema_rsi_atr,48548,1770766800000,2026-02-10 23:40:00+00:00,68823.18439499999,48553,1770768300000,2026-02-11 00:05:00+00:00,68950.48216233033,take_profit,68658.00023356323,68984.97464965515,0.2897259214106485,0.08477853165459799,579.206321513982,723.9857382051028
bot01_ema_rsi_atr,48713,1770816600000,2026-02-11 13:30:00+00:00,67553.80002,48714,1770816900000,2026-02-11 13:35:00+00:00,67283.68293744688,stop_loss,67317.34160825101,67824.08758762346,0.28887109883061335,-0.4994549017089683,579.1885905640822,723.1184678024854
bot01_ema_rsi_atr,48769,1770833700000,2026-02-11 18:15:00+00:00,66813.87023999999,48774,1770835200000,2026-02-11 18:40:00+00:00,67169.1792786609,take_profit,66498.94622066974,67202.7806689954,0.2898710877175346,0.4312575492891506,578.4947742419884,723.5969210048688
bot01_ema_rsi_atr,48844,1770856200000,2026-02-12 00:30:00+00:00,67488.3273,48853,1770858900000,2026-02-12 01:15:00+00:00,67671.85336702155,take_profit,67287.19585324559,67705.70622013161,0.289687201740392,0.1716655580149807,578.877536803895,723.7003865257739
bot01_ema_rsi_atr,48888,1770869400000,2026-02-12 04:10:00+00:00,67610.76848999999,48889,1770869700000,2026-02-12 04:15:00+00:00,67414.42785073645,stop_loss,67448.1519266998,67770.2221099503,0.28891551188169756,-0.3901080745048652,578.9603092206191,722.9915683625854
bot01_ema_rsi_atr,48927,1770881100000,2026-02-12 07:25:00+00:00,67250.278335,48931,1770882300000,2026-02-12 07:45:00+00:00,67050.73647539047,stop_loss,67084.27861469782,67415.25707795327,0.288623412768294,-0.396418576525318,578.3932546900684,722.2743286867495
bot01_ema_rsi_atr,49000,1770903300000,2026-02-12 13:35:00+00:00,67967.89696499999,49004,1770904500000,2026-02-12 13:55:00+00:00,68134.76612926164,take_profit,67777.31629697405,68168.8505545389,0.28911957560498414,0.14526622499918115,577.8194629493996,722.3395081071662
bot01_ema_rsi_atr,49142,1770945900000,2026-02-13 01:25:00+00:00,66260.123505,49144,1770946500000,2026-02-13 01:35:00+00:00,66433.45968310286,take_profit,66067.2213135882,66466.69302961767,0.2891688847795552,0.16133794017407277,577.871606485733,722.4278886606968
bot01_ema_rsi_atr,49225,1770971100000,2026-02-13 08:25:00+00:00,66450.798795,49229,1770972300000,2026-02-13 08:45:00+00:00,66598.87288166166,take_profit,66274.52401590018,66632.18897614973,0.2891483089906069,0.12260983352713052,577.9423109285574,722.4603794557664
bot01_ema_rsi_atr,49490,1771050900000,2026-02-14 06:35:00+00:00,68945.35544999999,49501,1771054200000,2026-02-14 07:30:00+00:00,68957.92158886167,take_profit,68856.55480149295,68992.41779776056,0.2888659688286287,-0.08179199651537213,577.9683035646132,722.1978226091511
bot01_ema_rsi_atr,49588,1771080600000,2026-02-14 14:50:00+00:00,69814.19965499999,49593,1771082100000,2026-02-14 15:15:00+00:00,69582.0907446861,stop_loss,69616.89919428324,70022.92620857513,0.2882549563534571,-0.43213415401083577,577.7582580873209,721.4298345271161
bot01_ema_rsi_atr,49615,1771088700000,2026-02-14 17:05:00+00:00,69738.29172,49618,1771089600000,2026-02-14 17:20:00+00:00,69891.49047075793,take_profit,69554.76420159552,69926.45369760673,0.2887442934758787,0.11945698443782589,577.1438676216928,721.4577358655778
bot01_ema_rsi_atr,49743,1771127100000,2026-02-15 03:45:00+00:00,69950.907975,49746,1771128000000,2026-02-15 04:00:00+00:00,70111.26439316085,take_profit,69762.3582920388,70146.33756194181,0.28876924793935776,0.1290121263328653,577.1661886924622,721.4994117579382
bot01_ema_rsi_atr,49985,1771200300000,2026-02-16 00:05:00+00:00,69006.79615499999,49988,1771201200000,2026-02-16 00:20:00+00:00,68788.86038498509,stop_loss,68823.27202099559,69195.86696850661,0.2880001957804119,-0.4155020177372976,577.1995294063506,720.756142521746
bot01_ema_rsi_atr,50033,1771214700000,2026-02-16 04:05:00+00:00,68676.531105,50036,1771215600000,2026-02-16 04:20:00+00:00,68770.2673688314,take_profit,68533.90353087785,68804.66970368323,0.28835486034071023,0.0363530249138536,576.6049140173968,720.6643422219215
bot01_ema_rsi_atr,50069,1771225500000,2026-02-16 07:05:00+00:00,68590.58815499999,50073,1771226700000,2026-02-16 07:25:00+00:00,68647.1538680803,take_profit,68472.85358974134,68681.494615388,0.28824034954682387,-0.017613846320238442,576.5314737775373,720.4948473988743
bot01_ema_rsi_atr,50128,1771243200000,2026-02-16 12:00:00+00:00,68970.77815499999,50132,1771244400000,2026-02-16 12:20:00+00:00,68778.64784740539,stop_loss,68813.05437459268,69121.19343811096,0.2876528282240619,-0.37828912826772193,576.3958779190995,719.8061828046423
bot01_ema_rsi_atr,50194,1771263300000,2026-02-16 17:35:00+00:00,68079.012495,50210,1771268100000,2026-02-16 18:55:00+00:00,67837.12267336564,stop_loss,67871.05820246687,68305.88769629972,0.28726751835291026,-0.4549521694817174,575.8449462437138,719.0079217539037
bot01_ema_rsi_atr,50298,1771294500000,2026-02-17 02:15:00+00:00,69051.64856999999,50306,1771296900000,2026-02-17 02:55:00+00:00,68812.88581500511,stop_loss,68847.30946973998,69271.88579539003,0.28696263563143026,-0.4454283817685888,575.2063374031229,718.2242276324918
bot01_ema_rsi_atr,50348,1771309500000,2026-02-17 06:25:00+00:00,68483.574675,50356,1771311900000,2026-02-17 07:05:00+00:00,68296.05085633467,stop_loss,68330.21596431683,68628.05105352477,0.2867531068309488,-0.3735492353249767,574.5793821059934,717.5445351491394
bot01_ema_rsi_atr,50362,1771314000000,2026-02-17 07:40:00+00:00,68446.0059,50369,1771316100000,2026-02-17 08:15:00+00:00,68275.33644041921,stop_loss,68309.49118601221,68565.26322098168,0.2865168249067231,-0.349099692347744,574.0356281193115,716.9005380783298
bot01_ema_rsi_atr,50524,1771362600000,2026-02-17 21:10:00+00:00,67921.66386,50526,1771363200000,2026-02-17 21:20:00+00:00,67688.68417710286,stop_loss,67722.54544982777,68135.48182525835,0.28612551548492127,-0.4426693193117144,573.5204304626639,716.1230929240498
bot01_ema_rsi_atr,50648,1771400100000,2026-02-18 07:35:00+00:00,67991.40871499998,50649,1771400400000,2026-02-18 07:40:00+00:00,68048.29708833841,take_profit,67874.15782835522,68082.33825746714,0.28642572867269767,-0.016413726323411114,572.8984743392399,715.9563833170397
bot01_ema_rsi_atr,50740,1771427700000,2026-02-18 15:15:00+00:00,67427.85708,50744,1771428900000,2026-02-18 15:35:00+00:00,67666.74286207723,take_profit,67189.87122756231,67700.59315865656,0.28674615783504176,0.2539292313738987,572.7651066536317,716.1764329440939
bot01_ema_rsi_atr,50839,1771457700000,2026-02-18 23:35:00+00:00,66442.834815,50845,1771459500000,2026-02-19 00:05:00+00:00,66526.40099487353,take_profit,66309.59610980589,66559.68083529118,0.2865073069747113,0.025645773432313505,572.9411463552751,716.0698947207817
bot01_ema_rsi_atr,50916,1771480800000,2026-02-19 06:00:00+00:00,66996.67159499999,50919,1771481700000,2026-02-19 06:15:00+00:00,67054.33962293688,take_profit,66880.06095685385,67087.88356471923,0.286407893443137,-0.01401011641712423,572.8559157766254,715.9066363611071
bot01_ema_rsi_atr,51022,1771512900000,2026-02-19 14:55:00+00:00,66462.73476,51025,1771513800000,2026-02-19 15:10:00+00:00,66166.12198301157,stop_loss,66199.22159380847,66774.9676092873,0.28558111637198186,-0.5458380553876643,572.7253090888856,714.9826983995463
bot01_ema_rsi_atr,51038,1771517700000,2026-02-19 16:15:00+00:00,66368.81782499999,51050,1771521300000,2026-02-19 17:15:00+00:00,66674.96639169382,take_profit,66087.20296535347,66708.3205519698,0.28650904299018165,0.36082245872389007,571.986158719637,715.3551495265992
bot01_ema_rsi_atr,51061,1771524600000,2026-02-19 18:10:00+00:00,66675.431055,51067,1771526400000,2026-02-19 18:40:00+00:00,66957.95797084522,take_profit,66409.2142015373,66991.45369769407,0.2866046240915255,0.323310932473104,572.2841196212794,715.6741802132988
bot01_ema_rsi_atr,51123,1771543200000,2026-02-19 23:20:00+00:00,67024.785645,51133,1771546200000,2026-02-20 00:10:00+00:00,67106.72875927578,take_profit,66891.95072751322,67140.29890873014,0.2863013559405969,0.022135670220711015,572.539344170639,715.5626975486781
bot01_ema_rsi_atr,51195,1771565100000,2026-02-20 05:25:00+00:00,67438.972635,51196,1771565400000,2026-02-20 05:30:00+00:00,67485.18947768281,take_profit,67329.48403189408,67518.94895215888,0.2861799453674885,-0.03153717496553905,572.4501580389425,715.3744964908376
bot01_ema_rsi_atr,51236,1771577400000,2026-02-20 08:50:00+00:00,67919.92298999999,51238,1771578000000,2026-02-20 09:00:00+00:00,67979.36343119814,take_profit,67801.05325582916,68013.37011625626,0.2861318111578218,-0.012572043455208473,572.29959719267,715.2134521404646
bot01_ema_rsi_atr,51310,1771599600000,2026-02-20 15:00:00+00:00,67469.647965,51311,1771599900000,2026-02-20 15:05:00+00:00,67137.8721008298,stop_loss,67171.45782974467,67832.63825538296,0.2852396421306106,-0.5912491739662933,572.1707617123717,714.2255164631869
bot01_ema_rsi_atr,51437,1771638000000,2026-02-21 01:40:00+00:00,68013.05953500001,51441,1771639200000,2026-02-21 02:00:00+00:00,67878.92435036384,stop_loss,67912.88079075921,68078.35381386119,0.28526592444796117,-0.2970225282727664,571.3804131705494,713.6588135047178
bot01_ema_rsi_atr,51571,1771678500000,2026-02-21 12:55:00+00:00,68238.55222499999,51574,1771679400000,2026-02-21 13:10:00+00:00,68112.30510277297,stop_loss,68146.37829191893,68291.5575621216,0.2850569918111852,-0.2848234919887391,570.9270508037743,713.1099546849057
bot01_ema_rsi_atr,51659,1771704900000,2026-02-21 20:15:00+00:00,68598.67219499999,51663,1771706100000,2026-02-21 20:35:00+00:00,68463.57832311893,stop_loss,68497.82723673728,68664.23414489407,0.28482077005528966,-0.29673672053816935,570.4879637479246,712.5445440871148
bot01_ema_rsi_atr,51776,1771740300000,2026-02-22 06:05:00+00:00,68081.05351499999,51780,1771741500000,2026-02-22 06:25:00+00:00,68084.3242556848,take_profit,67999.461035061,68118.3834474085,0.28488214827319014,-0.09520061782914481,570.0356352696919,712.2665014860033
bot01_ema_rsi_atr,51891,1771774800000,2026-02-22 15:40:00+00:00,67819.25267999999,51894,1771775700000,2026-02-22 15:55:00+00:00,67642.4951949266,stop_loss,67676.3333616074,67948.89995758892,0.2843932421835373,-0.3603696157217952,569.8132011888026,711.611203133253
bot01_ema_rsi_atr,51948,1771791900000,2026-02-22 20:25:00+00:00,67483.50489,51949,1771792200000,2026-02-22 20:30:00+00:00,67368.03691779022,stop_loss,67401.73778668356,67521.84331997467,0.284258881386657,-0.27093437044445173,569.2889625066024,711.0836666258488
bot01_ema_rsi_atr,52052,1771823400000,2026-02-23 05:10:00+00:00,65137.51248,52055,1771824300000,2026-02-23 05:25:00+00:00,64948.507927892206,stop_loss,64980.998427105755,65290.902359341366,0.28387900312784475,-0.3898722109071472,568.866933300679,710.3875408335513
bot01_ema_rsi_atr,52098,1771837200000,2026-02-23 09:00:00+00:00,65858.162625,52104,1771839000000,2026-02-23 09:30:00+00:00,65960.77806684242,take_profit,65712.90003045362,65993.77495431958,0.28423409238237707,0.05565697905101198,568.310032666841,710.3244602982921
bot01_ema_rsi_atr,52143,1771850700000,2026-02-23 12:45:00+00:00,66406.01641499999,52145,1771851300000,2026-02-23 12:55:00+00:00,66198.31540639425,stop_loss,66231.43112195522,66584.92831706717,0.28354382097920283,-0.41246160935242276,568.2595682386337,709.5970182292585
bot01_ema_rsi_atr,52154,1771854000000,2026-02-23 13:40:00+00:00,66388.267545,52157,1771854900000,2026-02-23 13:55:00+00:00,66189.65857561024,stop_loss,66222.76996059054,66553.57005911418,0.2832727424619259,-0.3988635910492205,567.6776145834068,708.889600060665
bot01_ema_rsi_atr,52241,1771880400000,2026-02-23 21:00:00+00:00,64683.155415,52254,1771884300000,2026-02-23 22:05:00+00:00,64900.96592085562,take_profit,64462.42824188387,64933.4326371742,0.2838909998720327,0.23639777458861264,567.111680048532,709.0826468285718
bot01_ema_rsi_atr,52279,1771891800000,2026-02-24 00:10:00+00:00,64932.640094999995,52289,1771894800000,2026-02-24 01:00:00+00:00,64752.33493880606,stop_loss,64784.727302457286,65073.38404631407,0.2830978394205141,-0.377402629516081,567.2661174628574,708.4061462076023
bot01_ema_rsi_atr,52376,1771921200000,2026-02-24 08:20:00+00:00,63360.694514999996,52388,1771924800000,2026-02-24 09:20:00+00:00,63145.85402320762,stop_loss,63177.44274457991,63556.41088313013,0.28274085154692713,-0.43873626692931594,566.7249169660819,707.6434796491831
bot01_ema_rsi_atr,52406,1771930200000,2026-02-24 10:50:00+00:00,63361.695015,52409,1771931100000,2026-02-24 11:05:00+00:00,63188.773804979144,stop_loss,63220.38399697763,63494.49900453355,0.28253000164230335,-0.37263836418823404,566.1147837193464,706.9750881261007
bot01_ema_rsi_atr,52423,1771935300000,2026-02-24 12:15:00+00:00,63276.48243,52427,1771936500000,2026-02-24 12:35:00+00:00,63118.78951958683,stop_loss,63150.3647019378,63386.6029470933,0.2822966185337575,-0.3489632979788729,565.5800705008805,706.3407698085093
bot01_ema_rsi_atr,52452,1771944000000,2026-02-24 14:40:00+00:00,63377.552939999994,52453,1771944300000,2026-02-24 14:45:00+00:00,63606.59985246379,take_profit,63150.85395867014,63638.419061994784,0.28290507330592923,0.26103928747132227,565.0726158468075,706.5678982716906
bot01_ema_rsi_atr,52571,1771980000000,2026-02-25 00:40:00+00:00,64282.78533,52572,1771980300000,2026-02-25 00:45:00+00:00,64106.46412693677,stop_loss,64138.53339363358,64418.84990954964,0.28209862442761646,-0.3740156341327178,565.2543186173525,705.8985783458576
bot01_ema_rsi_atr,52663,1772007600000,2026-02-25 08:20:00+00:00,65257.05222,52666,1772008500000,2026-02-25 08:35:00+00:00,65354.58232668761,take_profit,65115.882690220045,65387.27596466994,0.2824290411540832,0.04930581947287934,564.7188626766861,705.8269388361128
bot01_ema_rsi_atr,52809,1772051700000,2026-02-25 20:35:00+00:00,69125.57551499999,52819,1772054700000,2026-02-25 21:25:00+00:00,68855.76272143588,stop_loss,68890.20782534855,69392.26326197716,0.28163916063335487,-0.4899323495860779,564.6615510688903,704.9948501621565
bot01_ema_rsi_atr,52924,1772086200000,2026-02-26 06:10:00+00:00,68494.67022,52925,1772086500000,2026-02-26 06:15:00+00:00,68289.45012637254,stop_loss,68323.61193233871,68665.68210149194,0.2814349099219411,-0.3993150749909805,563.9958801297252,704.2913840793454
bot01_ema_rsi_atr,52960,1772097000000,2026-02-26 09:10:00+00:00,68351.19851999999,52961,1772097600000,2026-02-26 09:20:00+00:00,68139.75144477496,stop_loss,68173.83836395694,68531.84245406458,0.2811403805802356,-0.40904451234751354,563.4331072634764,703.5749289240784
bot01_ema_rsi_atr,53071,1772130600000,2026-02-26 18:30:00+00:00,67312.61949,53077,1772132400000,2026-02-26 19:00:00+00:00,67586.37649815595,take_profit,67051.50893903221,67620.18659145167,0.28186096501072433,0.3062882312705488,562.8599431392628,703.8647763859454
bot01_ema_rsi_atr,53233,1772179500000,2026-02-27 08:05:00+00:00,68025.865935,53235,1772180100000,2026-02-27 08:15:00+00:00,67837.32662691799,stop_loss,67871.262258047,68172.78161292948,0.2810153638860494,-0.3768811042462721,563.0918211087563,703.1939873090078
bot01_ema_rsi_atr,53326,1772207400000,2026-02-27 15:50:00+00:00,66206.14653,53329,1772208300000,2026-02-27 16:05:00+00:00,65931.47579127195,stop_loss,65964.4580202821,66485.96296957685,0.28055406865945,-0.5144570895165742,562.5551898472062,702.3305457736569
bot01_ema_rsi_atr,53547,1772274000000,2026-02-28 10:20:00+00:00,63943.62583499999,53555,1772276400000,2026-02-28 11:00:00+00:00,64152.0527539955,take_profit,63730.02011572753,64184.1448264087,0.28124914949447344,0.22562822229348348,561.8644366189255,702.5066939183278
bot01_ema_rsi_atr,53607,1772292300000,2026-02-28 15:25:00+00:00,64785.446534999995,53622,1772296800000,2026-02-28 16:40:00+00:00,65092.5799780501,take_profit,64505.02163378349,65125.14254932476,0.28152759584945797,0.3736037582781617,562.0053551346622,702.8905859433888
bot01_ema_rsi_atr,53710,1772323200000,2026-03-01 00:00:00+00:00,67066.826655,53711,1772323500000,2026-03-01 00:05:00+00:00,66817.75329493113,stop_loss,66851.17888437331,67306.50667344003,0.2804940981146432,-0.4710094828085194,562.3124687547111,702.0885336997505
bot01_ema_rsi_atr,53731,1772329500000,2026-03-01 01:45:00+00:00,67366.756545,53732,1772329800000,2026-03-01 01:50:00+00:00,67647.11984568484,take_profit,67101.17644943483,67680.96032584776,0.28127879415950835,0.315758382544462,561.6708269598005,702.3910532919391
bot01_ema_rsi_atr,53806,1772352300000,2026-03-01 08:05:00+00:00,67162.08426,53814,1772354700000,2026-03-01 08:45:00+00:00,66961.81537574189,stop_loss,66995.31303225801,67328.33045161299,0.28039747364665535,-0.3978892295827829,561.9128426335512,701.6921863588304
bot01_ema_rsi_atr,53931,1772389800000,2026-03-01 18:30:00+00:00,66441.58419,53938,1772391900000,2026-03-01 19:05:00+00:00,66178.59814014965,stop_loss,66211.70399214572,66703.39401178143,0.2799816103822805,-0.4954196261323233,561.3537490870643,700.8572790244682
bot01_ema_rsi_atr,54035,1772421300000,2026-03-02 03:15:00+00:00,66657.26197499999,54039,1772422500000,2026-03-02 03:35:00+00:00,66881.73729619691,take_profit,66429.78673757084,66915.19489364373,0.28067431019152256,0.23642372823507776,560.6858232195746,701.0481747518169
bot01_ema_rsi_atr,54062,1772429400000,2026-03-02 05:30:00+00:00,66779.13287999999,54064,1772430000000,2026-03-02 05:40:00+00:00,66930.29545517256,take_profit,66600.41510410368,66963.77734384447,0.28059612420656854,0.1261356296266269,560.8385398014535,701.0846425684025
bot01_ema_rsi_atr,54103,1772441700000,2026-03-02 08:55:00+00:00,66319.393125,54107,1772442900000,2026-03-02 09:15:00+00:00,66513.52925542557,take_profit,66112.54822883071,66546.80265675395,0.28070368532798007,0.192436322403591,560.867714054722,701.2139841122072
bot01_ema_rsi_atr,54137,1772451900000,2026-03-02 11:45:00+00:00,66385.09595999999,54143,1772453700000,2026-03-02 12:15:00+00:00,66160.9363748321,stop_loss,66194.03339152786,66588.74991270821,0.27987227281846383,-0.437327863045716,560.9711872897658,700.4610338097921
bot01_ema_rsi_atr,54170,1772462100000,2026-03-02 14:35:00+00:00,66373.300065,54172,1772462700000,2026-03-02 14:45:00+00:00,66652.5589301737,take_profit,66109.6154125905,66685.90188111426,0.28063315551179446,0.3203190229133055,560.3688270478336,700.7692348489198
bot01_ema_rsi_atr,54369,1772522100000,2026-03-03 07:15:00+00:00,68247.14652,54380,1772525400000,2026-03-03 08:10:00+00:00,68028.52562069256,stop_loss,68062.55689914212,68438.76465128682,0.27971902435140317,-0.4200167179797472,560.6153878791358,700.0410000833733
bot01_ema_rsi_atr,54416,1772536200000,2026-03-03 11:10:00+00:00,66998.38244999999,54417,1772536500000,2026-03-03 11:15:00+00:00,66749.56897158685,stop_loss,66782.96045181276,67237.80932228084,0.27935696001941934,-0.4710009941213623,560.0328000666987,699.2422113094406
bot01_ema_rsi_atr,54469,1772552100000,2026-03-03 15:35:00+00:00,67597.42181999999,54475,1772553900000,2026-03-03 16:05:00+00:00,68014.61719043987,take_profit,67240.30565920303,68048.64151119546,0.2804192846256588,0.5165592767417224,559.3937690475525,699.8240405689594
bot01_ema_rsi_atr,54587,1772587800000,2026-03-04 01:30:00+00:00,68534.41008,54589,1772588400000,2026-03-04 01:40:00+00:00,68775.42876372724,take_profit,68293.71087962165,68809.83368056752,0.28028138104326866,0.2513237580398858,559.8592324551676,700.0354888117149
bot01_ema_rsi_atr,54864,1772671200000,2026-03-05 00:40:00+00:00,72933.68862,54866,1772671800000,2026-03-05 00:50:00+00:00,72688.32307255206,stop_loss,72724.68541525968,73156.07187711049,0.27940364366331416,-0.43608636357010755,560.028391049372,699.2855404044421
bot01_ema_rsi_atr,54869,1772672700000,2026-03-05 01:05:00+00:00,73101.642555,54872,1772673600000,2026-03-05 01:20:00+00:00,72847.51364251919,stop_loss,72883.95562032935,73336.84156950598,0.27908864913250214,-0.44729012193850837,559.4284323235537,698.5207418341158
bot01_ema_rsi_atr,55084,1772737500000,2026-03-05 19:05:00+00:00,71313.949155,55088,1772738700000,2026-03-05 19:25:00+00:00,71033.85947120163,stop_loss,71069.39416828577,71591.68374757134,0.27872044511183536,-0.492363061406684,558.8165934672927,697.6938739155598
bot01_ema_rsi_atr,55098,1772741700000,2026-03-05 20:15:00+00:00,71240.00219999999,55110,1772745300000,2026-03-05 21:15:00+00:00,71450.98136110156,take_profit,71016.18351769114,71486.72472346328,0.27935084533612076,0.19585650678219108,558.1550991324478,697.8273576149037
bot01_ema_rsi_atr,55267,1772792700000,2026-03-06 10:25:00+00:00,70820.62261499999,55268,1772793000000,2026-03-06 10:30:00+00:00,70621.71725120254,stop_loss,70657.04577408958,70977.50633886561,0.27859978880351344,-0.3805771131297052,558.261886091923,697.1571690551751
bot01_ema_rsi_atr,55465,1772852400000,2026-03-07 03:00:00+00:00,68408.81731500001,55467,1772853000000,2026-03-07 03:10:00+00:00,68455.13681112968,take_profit,68298.12899874627,68489.3815018806,0.2788177505707939,-0.03235787658705845,557.7257352441401,696.9726656871392
bot01_ema_rsi_atr,55528,1772871300000,2026-03-07 08:15:00+00:00,67971.858945,55536,1772873700000,2026-03-07 08:55:00+00:00,67812.83316546056,stop_loss,67846.75654373242,68074.59018440137,0.2783238728403032,-0.33372430330094893,557.5781325497113,696.3685429128838
bot01_ema_rsi_atr,55562,1772881800000,2026-03-07 11:10:00+00:00,68235.98094,55565,1772882700000,2026-03-07 11:25:00+00:00,68078.40691476974,stop_loss,68112.46314634291,68336.00528048564,0.2780868470869839,-0.33069420126523175,557.094834330307,695.7691596962097
bot01_ema_rsi_atr,55780,1772947500000,2026-03-08 05:25:00+00:00,67167.06675,55800,1772953500000,2026-03-08 07:05:00+00:00,67276.26263217864,take_profit,67015.88827268392,67309.91759097412,0.27839451113824343,0.06241097248223324,556.6153277569678,695.7167662767703
bot01_ema_rsi_atr,55946,1772997300000,2026-03-08 19:15:00+00:00,67192.36939499999,55949,1772998200000,2026-03-08 19:30:00+00:00,67306.33271206576,take_profit,67037.98152438502,67340.00271342247,0.27838332476236693,0.0694379209630633,556.5734130214162,695.6741445569221
bot01_ema_rsi_atr,56009,1773016500000,2026-03-09 00:35:00+00:00,66601.934325,56012,1773017400000,2026-03-09 00:50:00+00:00,66293.50499919716,stop_loss,66326.66833336384,66931.62249995423,0.2774868427667013,-0.5626305521000239,556.5393156455377,694.7529774869993
bot01_ema_rsi_atr,56034,1773024000000,2026-03-09 02:40:00+00:00,66603.29500499999,56038,1773025200000,2026-03-09 03:00:00+00:00,66843.01571551901,take_profit,66365.71403833984,66876.45394249025,0.2782618557132549,0.2595632765473739,555.8023819895994,694.9743309452385
bot01_ema_rsi_atr,56147,1773057900000,2026-03-09 12:05:00+00:00,67879.71289499999,56150,1773058800000,2026-03-09 12:20:00+00:00,68030.50468655454,take_profit,67699.95869664528,68064.53695503206,0.27815919971234365,0.1219234486097737,555.9794647561909,695.0046339459635
bot01_ema_rsi_atr,56233,1773084000000,2026-03-09 19:20:00+00:00,69059.50249500001,56234,1773084300000,2026-03-09 19:25:00+00:00,69279.16891656767,take_profit,68832.43278034507,69313.8258294824,0.27830454859848486,0.21776474955344463,556.0037071567708,695.1680253442537
bot01_ema_rsi_atr,56294,1773102300000,2026-03-10 00:25:00+00:00,69011.838675,56296,1773102900000,2026-03-10 00:35:00+00:00,69145.16392534289,take_profit,68842.41413183734,69179.753802244,0.27819650952979974,0.09299866175103132,556.1344202754029,695.158161831891
bot01_ema_rsi_atr,56365,1773123900000,2026-03-10 06:25:00+00:00,70176.180555,56366,1773124200000,2026-03-10 06:30:00+00:00,69959.08119818548,stop_loss,69994.07823730413,70361.6576440438,0.27749455034981607,-0.409053949278025,556.1265294655128,694.4509845309672
bot01_ema_rsi_atr,56373,1773126300000,2026-03-10 07:05:00+00:00,70178.93192999999,56374,1773126600000,2026-03-10 07:10:00+00:00,70353.86476112307,take_profit,69980.39380615437,70389.05929076845,0.27798736466290863,0.14901760896883917,555.5607876247738,694.5188582137322
bot01_ema_rsi_atr,56446,1773148200000,2026-03-10 13:10:00+00:00,70784.81472,56450,1773149400000,2026-03-10 13:30:00+00:00,70598.03395647685,stop_loss,70633.35063179274,70923.57405231091,0.27730247894574417,-0.3636073619712275,555.6150865709858,693.8753951666805
bot01_ema_rsi_atr,56466,1773154200000,2026-03-10 14:50:00+00:00,71166.18530999999,56468,1773154800000,2026-03-10 15:00:00+00:00,71537.68274784712,take_profit,70835.38701160772,71573.4694825884,0.2781350838785504,0.42149196812035955,555.1003161333444,694.3209609737136
bot01_ema_rsi_atr,56536,1773175200000,2026-03-10 20:40:00+00:00,70312.41863999999,56542,1773177000000,2026-03-10 21:10:00+00:00,70067.48021730318,stop_loss,70102.5314830447,70539.40277543294,0.27710626043057696,-0.4480089136557036,555.4567687789709,693.5605949465693
bot01_ema_rsi_atr,56570,1773185700000,2026-03-10 23:35:00+00:00,69945.03504,56575,1773187200000,2026-03-11 00:00:00+00:00,69739.43155635963,stop_loss,69774.31871571748,70113.72192642378,0.27687818922486285,-0.3936561258983886,554.8484759572555,692.8763801225689
bot01_ema_rsi_atr,56628,1773203100000,2026-03-11 04:25:00+00:00,70014.50976,56633,1773204600000,2026-03-11 04:50:00+00:00,70108.24049974272,take_profit,69870.32522945292,70143.31215582063,0.27719730656268776,0.033739433902998495,554.3011040980551,692.7845126056909
bot01_ema_rsi_atr,56733,1773234600000,2026-03-11 13:10:00+00:00,69895.08007499999,56735,1773235200000,2026-03-11 13:20:00+00:00,70086.69935845923,take_profit,69685.74317428099,70121.76023857851,0.2773547258394244,0.17387859627652422,554.2276100845527,692.8866355795205
bot01_ema_rsi_atr,56768,1773245400000,2026-03-11 16:10:00+00:00,70477.431105,56778,1773248400000,2026-03-11 17:00:00+00:00,70803.52419121836,take_profit,70177.7208913001,70838.94366304988,0.2776566212387158,0.36222881286179415,554.3093084636164,693.2495232923052
bot01_ema_rsi_atr,56826,1773262800000,2026-03-11 21:00:00+00:00,70757.75119499999,56828,1773263400000,2026-03-11 21:10:00+00:00,70563.36300742281,stop_loss,70598.66233859211,70907.98149211182,0.2767806364120848,-0.37444880046345086,554.5996186338441,692.5922196557142
bot01_ema_rsi_atr,56934,1773295200000,2026-03-12 06:00:00+00:00,69473.769525,56950,1773300000000,2026-03-12 07:20:00+00:00,69563.85768893144,take_profit,69332.64532170657,69598.65701744016,0.2770778097092348,0.02954252573718577,554.0737757245713,692.4945821368851
bot01_ema_rsi_atr,56975,1773307800000,2026-03-12 09:30:00+00:00,69804.90501,56977,1773308400000,2026-03-12 09:40:00+00:00,69905.97337401363,take_profit,69656.07076937561,69940.94384593659,0.2770596617095638,0.04464212168922946,553.9956657095081,692.4178502464127
bot01_ema_rsi_atr,57095,1773343800000,2026-03-12 19:30:00+00:00,70350.93789,57109,1773348000000,2026-03-12 20:40:00+00:00,70105.62634587668,stop_loss,70140.69669422379,70578.4049586643,0.27634625149165387,-0.44834820960369026,553.9342801971302,691.6590989580591
bot01_ema_rsi_atr,57114,1773349500000,2026-03-12 21:05:00+00:00,70358.26155,57119,1773351000000,2026-03-12 21:30:00+00:00,70167.13515399829,stop_loss,70202.23627213435,70504.39559179849,0.2761499087310357,-0.3713757636976524,553.3272791664473,691.0075500169318
bot01_ema_rsi_atr,57138,1773356700000,2026-03-12 23:05:00+00:00,70452.04841999999,57140,1773357300000,2026-03-12 23:15:00+00:00,70557.82320803731,take_profit,70299.32015471916,70593.11976792126,0.2764721029905367,0.04998714106841292,552.8060400135454,690.9383624077086
bot01_ema_rsi_atr,57390,1773432900000,2026-03-13 20:15:00+00:00,71475.629955,57392,1773433500000,2026-03-13 20:25:00+00:00,71250.44665441812,stop_loss,71286.08969926774,71670.6404510984,0.2758022336858362,-0.4147340113307566,552.7506899261668,690.227636569257
bot01_ema_rsi_atr,57457,1773453000000,2026-03-14 01:50:00+00:00,70935.43999500001,57459,1773453600000,2026-03-14 02:00:00+00:00,70758.0003939263,stop_loss,70793.39709247253,71059.87936129123,0.2756080440370158,-0.3498922421361276,552.1821092554056,689.6070634618468
bot01_ema_rsi_atr,57636,1773507000000,2026-03-14 16:50:00+00:00,70742.99381999999,57638,1773507600000,2026-03-14 17:00:00+00:00,70605.6252051516,stop_loss,70640.9456779906,70807.68148301408,0.27543735624294935,-0.29398563564145214,551.6856507694774,689.0640783765068
bot01_ema_rsi_atr,57695,1773524700000,2026-03-14 21:45:00+00:00,70812.998805,57699,1773525900000,2026-03-14 22:05:00+00:00,70696.31473482604,stop_loss,70731.6805751136,70846.50413732961,0.275260960755057,-0.26461297794319105,551.2512627012054,688.5619596358813
bot01_ema_rsi_atr,57710,1773529200000,2026-03-14 23:00:00+00:00,70928.936745,57711,1773529500000,2026-03-14 23:05:00+00:00,70941.17816293232,take_profit,70838.03900254641,70976.6664961804,0.2753108150743612,-0.08275855091645257,550.8495677087051,688.3103924327429
bot01_ema_rsi_atr,57746,1773540000000,2026-03-15 02:00:00+00:00,71239.351875,57747,1773540300000,2026-03-15 02:05:00+00:00,71309.91617097137,take_profit,71109.19068969727,71345.5889654541,0.2753227161454684,-0.0010466409083804101,550.6483139461943,688.1712909674552
bot01_ema_rsi_atr,57819,1773562200000,2026-03-15 08:10:00+00:00,71639.94206999999,57823,1773563400000,2026-03-15 08:30:00+00:00,71499.38967056335,stop_loss,71535.15724918795,71707.61412621808,0.27486112366932947,-0.29599659488836144,550.5370327739641,687.6266713843268
bot01_ema_rsi_atr,57863,1773575400000,2026-03-15 11:50:00+00:00,71909.566815,57865,1773576000000,2026-03-15 12:00:00+00:00,71764.2535252613,stop_loss,71800.15360206233,71983.84459690652,0.27463551292112653,-0.3018757487754445,550.1013371074614,687.0744055730783
bot01_ema_rsi_atr,57966,1773606600000,2026-03-15 20:30:00+00:00,71684.00408999999,57967,1773606900000,2026-03-15 20:35:00+00:00,71742.79473300825,take_profit,71561.1772833028,71778.68407504578,0.27480493356052027,-0.018068398785996673,549.6595244584626,686.9121868519212
bot01_ema_rsi_atr,58048,1773631200000,2026-03-16 03:20:00+00:00,72882.21289499999,58050,1773631800000,2026-03-16 03:30:00+00:00,73010.5653030625,take_profit,72711.5907683425,73047.08884748623,0.2748691937089345,0.0759332634962386,549.529749481537,686.8790190637487
bot01_ema_rsi_atr,58209,1773679800000,2026-03-16 16:50:00+00:00,73855.96952999999,58224,1773684300000,2026-03-16 18:05:00+00:00,74090.91353283206,take_profit,73613.11498560476,74127.97752159285,0.2750508024309955,0.217792942564913,549.503215250999,687.0405388706265
bot01_ema_rsi_atr,58289,1773703800000,2026-03-16 23:30:00+00:00,74753.368005,58296,1773705900000,2026-03-17 00:05:00+00:00,74933.57160760848,take_profit,74545.97857588228,74971.05713617656,0.27500971794354323,0.14082312785403778,549.6324310965013,687.0964396557497
bot01_ema_rsi_atr,58381,1773731700000,2026-03-17 07:15:00+00:00,74435.77928999999,58388,1773733800000,2026-03-17 07:50:00+00:00,74211.3469753415,stop_loss,74248.47121094697,74623.74318357954,0.27428723617433903,-0.4012098274276439,549.6771517245998,686.4082320195456
bot01_ema_rsi_atr,58431,1773746700000,2026-03-17 11:25:00+00:00,74048.16558,58435,1773747900000,2026-03-17 11:45:00+00:00,74166.60627864752,take_profit,73882.79457819076,74203.70813271387,0.27464537479115747,0.059790937455487546,549.1265856156365,686.3529502744975
bot01_ema_rsi_atr,58468,1773757800000,2026-03-17 14:30:00+00:00,74112.29762999999,58471,1773758700000,2026-03-17 14:45:00+00:00,74351.18471345553,take_profit,73866.51406472868,74388.37890290697,0.2748459330405245,0.22200890271075785,549.0823602195981,686.5201278622374
bot01_ema_rsi_atr,58548,1773781800000,2026-03-17 21:10:00+00:00,74741.301975,58551,1773782700000,2026-03-17 21:25:00+00:00,74545.48414298349,stop_loss,74582.77553074887,74885.71170387669,0.2741113783455874,-0.36173214677196286,549.2161022897899,685.8866477101567
bot01_ema_rsi_atr,58599,1773797400000,2026-03-18 01:30:00+00:00,74192.607765,58603,1773798600000,2026-03-18 01:50:00+00:00,73983.86787870855,stop_loss,74020.87831786748,74357.50752319879,0.273831921162274,-0.38106728242477256,548.7093181681254,685.2272551967478
bot01_ema_rsi_atr,58681,1773822000000,2026-03-18 08:20:00+00:00,74093.02799999999,58684,1773822900000,2026-03-18 08:35:00+00:00,73925.02309407867,stop_loss,73962.00409612674,74196.9938558099,0.2736434187305785,-0.3265218544117128,548.1818041573982,684.643173880936
bot01_ema_rsi_atr,58905,1773889500000,2026-03-19 03:05:00+00:00,71235.74007,58907,1773890100000,2026-03-19 03:15:00+00:00,71316.97692384779,take_profit,71098.46449968465,71352.65325047303,0.2738763374416532,0.013925421304238121,547.7145391047488,684.5252940675493
bot01_ema_rsi_atr,59033,1773928200000,2026-03-19 13:50:00+00:00,70099.522245,59035,1773928800000,2026-03-19 14:00:00+00:00,69807.6370487729,stop_loss,69842.55832793686,70397.38750809473,0.2731037279537921,-0.5159704684030999,547.6202352540395,683.6827057251814
bot01_ema_rsi_atr,59048,1773932700000,2026-03-19 15:05:00+00:00,69748.15665,59050,1773933300000,2026-03-19 15:15:00+00:00,69438.005568693,stop_loss,69472.74193966282,70074.13709050577,0.27272892357264233,-0.5442281274622137,546.9461645801451,682.8025546253236
bot01_ema_rsi_atr,59188,1773975000000,2026-03-20 02:50:00+00:00,70547.28601499999,59190,1773975600000,2026-03-20 03:00:00+00:00,70357.28568368938,stop_loss,70392.4819246517,70691.35211302244,0.272617039752329,-0.36905405112103457,546.2420437002589,682.1625159986959
bot01_ema_rsi_atr,59245,1773992100000,2026-03-20 07:35:00+00:00,70769.44704,59247,1773992700000,2026-03-20 07:45:00+00:00,70891.01661454487,take_profit,70605.81343035193,70926.47985447211,0.27296270678864604,0.07161078692855678,545.7300127989567,682.1236861842747
bot01_ema_rsi_atr,59288,1774005000000,2026-03-20 11:10:00+00:00,70802.86373999999,59289,1774005300000,2026-03-20 11:15:00+00:00,70603.46308566786,stop_loss,70638.7824769063,70960.52628464054,0.27232922375465907,-0.38134632295284226,545.6989489474197,681.467530978706
bot01_ema_rsi_atr,59444,1774052100000,2026-03-21 00:15:00+00:00,70774.48955999999,59447,1774053000000,2026-03-21 00:30:00+00:00,70598.00374643535,stop_loss,70633.32040663867,70897.81939004197,0.27211119236091896,-0.3491142343055677,545.1740247829648,680.8558932619774
bot01_ema_rsi_atr,59583,1774094100000,2026-03-21 11:55:00+00:00,70682.813745,59584,1774094400000,2026-03-21 12:00:00+00:00,70668.53723193817,take_profit,70609.8905489824,70703.88917652643,0.27217870977852066,-0.12017779965612452,544.6847146095819,680.556238204581
bot01_ema_rsi_atr,59684,1774124400000,2026-03-21 20:20:00+00:00,70477.84130999999,59694,1774127400000,2026-03-21 21:10:00+00:00,70356.8362153678,stop_loss,70392.03223148354,70518.50165277468,0.2718529250640945,-0.2715207039413177,544.4449905636648,680.0509263094199
bot01_ema_rsi_atr,59757,1774146300000,2026-03-22 02:25:00+00:00,69381.383355,59763,1774148400000,2026-03-22 03:00:00+00:00,69151.95219591598,stop_loss,69186.54546865029,69586.95679702457,0.27143505004848334,-0.4303504727661304,544.0407410475359,679.3301809693487
bot01_ema_rsi_atr,59930,1774198500000,2026-03-22 16:55:00+00:00,68834.4,59938,1774200900000,2026-03-22 17:35:00+00:00,68682.65159631078,stop_loss,68717.01010136146,68924.48484795779,0.2712969833372695,-0.3202338587763053,543.464144775479,678.7596609717352
bot01_ema_rsi_atr,60108,1774252200000,2026-03-23 07:50:00+00:00,68454.29003999999,60123,1774256700000,2026-03-23 09:05:00+00:00,68192.0575779327,stop_loss,68226.17066326433,68710.94400510349,0.2708485984154437,-0.4826936623725808,543.0077287773881,677.9692983322636
bot01_ema_rsi_atr,60135,1774260300000,2026-03-23 10:05:00+00:00,68660.96332499999,60138,1774261200000,2026-03-23 10:20:00+00:00,68435.45574041414,stop_loss,68469.690585707,68862.0891214395,0.2706072312443351,-0.4281079467745297,542.3754386658109,677.2537968721153
bot01_ema_rsi_atr,60224,1774287300000,2026-03-23 17:35:00+00:00,71058.361425,60248,1774294500000,2026-03-23 19:35:00+00:00,70906.88882000001,time_stop,70804.8877299432,71349.7934050852,0.27047762111451906,-0.3129533095900498,541.8030374976922,676.6948723760481
bot01_ema_rsi_atr,60299,1774309800000,2026-03-23 23:50:00+00:00,70893.42899999999,60301,1774310400000,2026-03-24 00:00:00+00:00,70991.87784692107,take_profit,70745.07230487173,71027.3915426924,0.2707303656283696,0.03872992103986301,541.3558979008385,676.6118976628454
bot01_ema_rsi_atr,60319,1774315800000,2026-03-24 01:30:00+00:00,70840.68264,60320,1774316100000,2026-03-24 01:35:00+00:00,70624.86394901027,stop_loss,70660.19404603328,71022.90893095007,0.2700975844472274,-0.4043489478981947,541.2895181302763,675.92994784002
bot01_ema_rsi_atr,60378,1774333800000,2026-03-24 06:30:00+00:00,70487.035905,60385,1774335900000,2026-03-24 07:05:00+00:00,70572.65005107154,take_profit,70347.71398127628,70607.95402808559,0.27040082698721923,0.021339379401251586,540.743958272016,675.823580853812
bot01_ema_rsi_atr,60523,1774377300000,2026-03-24 18:35:00+00:00,69777.521325,60524,1774377600000,2026-03-24 18:40:00+00:00,69526.37870792768,stop_loss,69561.15928757146,70014.88606864281,0.2697082704977625,-0.4595591670370062,540.6588646830496,675.0678754557227
bot01_ema_rsi_atr,60544,1774383600000,2026-03-24 20:20:00+00:00,69995.67034499999,60545,1774383900000,2026-03-24 20:25:00+00:00,70141.70753584336,take_profit,69816.61937745982,70176.79593381027,0.27017354381612557,0.1084288255737092,540.0543003645782,675.0791091208342
bot01_ema_rsi_atr,60677,1774423800000,2026-03-25 07:30:00+00:00,71205.054735,60679,1774424400000,2026-03-25 07:40:00+00:00,71040.65860736684,stop_loss,71076.1967057197,71309.37994142044,0.2695852190047433,-0.3306461698775965,540.0632872966673,674.4981150800633
bot01_ema_rsi_atr,60689,1774427400000,2026-03-25 08:30:00+00:00,71519.75200499999,60690,1774427700000,2026-03-25 08:35:00+00:00,71310.94948964557,stop_loss,71346.62280104609,71690.09079843084,0.2692708996696591,-0.39165888721828185,539.5984920640506,673.8353974410434
bot01_ema_rsi_atr,60743,1774443600000,2026-03-25 13:00:00+00:00,71770.537335,60753,1774446600000,2026-03-25 13:50:00+00:00,71513.08968646076,stop_loss,71548.86411852002,72013.37882221995,0.2689164531656049,-0.45835066928678225,539.0683179528347,673.0835422565535
bot01_ema_rsi_atr,60836,1774471800000,2026-03-25 20:50:00+00:00,71086.44545999999,60857,1774478100000,2026-03-25 22:35:00+00:00,71192.17921718946,take_profit,70933.00459083577,71227.79311374633,0.269298828437848,0.048590948314794095,538.4668338052428,673.0142716717936
bot01_ema_rsi_atr,61031,1774530600000,2026-03-26 13:10:00+00:00,69523.294275,61034,1774531500000,2026-03-26 13:25:00+00:00,69358.20285631296,stop_loss,69392.89930596594,69632.0260410511,0.2687517947886801,-0.33722455759356235,538.4114173374348,672.4262088513019
bot01_ema_rsi_atr,61038,1774532700000,2026-03-26 13:45:00+00:00,69687.6264,61039,1774533000000,2026-03-26 13:50:00+00:00,69825.52981137512,take_profit,69514.3599724028,69860.46004139581,0.26910186224911326,0.09769005644272138,537.9409670810415,672.4229709394156
bot01_ema_rsi_atr,61162,1774570200000,2026-03-27 00:10:00+00:00,68970.978255,61164,1774570800000,2026-03-27 00:20:00+00:00,68796.46110624528,stop_loss,68830.87654451752,69094.96018322371,0.2684947579282009,-0.35277679977423393,537.9383767515325,671.8145303281099
bot01_ema_rsi_atr,61175,1774574100000,2026-03-27 01:15:00+00:00,68918.552055,61183,1774576500000,2026-03-27 01:55:00+00:00,69018.00128408014,take_profit,68771.83163476396,69052.52754785406,0.2687851405425339,0.044155349885725864,537.4516242624879,671.7394365049229
bot01_ema_rsi_atr,61246,1774595400000,2026-03-27 07:10:00+00:00,68890.14786,61250,1774596600000,2026-03-27 07:30:00+00:00,68725.33861738525,stop_loss,68759.71847662356,68999.72228506468,0.2682403411535751,-0.3389956161898924,537.3915492039383,671.1501106026762
bot01_ema_rsi_atr,61391,1774639200000,2026-03-27 19:20:00+00:00,65921.62434,61398,1774641300000,2026-03-27 19:55:00+00:00,66074.66161172534,take_profit,65742.65635369327,66107.71546946008,0.268637118049492,0.1319181846386116,536.920088482141,671.1927773151687
bot01_ema_rsi_atr,61686,1774728000000,2026-03-28 20:00:00+00:00,67006.396455,61691,1774729500000,2026-03-28 20:25:00+00:00,66880.87897333967,stop_loss,66914.33614141037,67060.77078788444,0.2680916659630293,-0.28713431972554215,536.9542218521349,670.6734792416305
bot01_ema_rsi_atr,61748,1774746600000,2026-03-29 01:10:00+00:00,66588.627675,61753,1774748100000,2026-03-29 01:35:00+00:00,66434.72309353742,stop_loss,66467.95707207346,66686.43939188981,0.26782554495236555,-0.3308962990370068,536.5387833933044,670.0959416482398
bot01_ema_rsi_atr,61866,1774782300000,2026-03-29 11:05:00+00:00,66804.31546499999,61872,1774784100000,2026-03-29 11:35:00+00:00,66861.51528410554,take_profit,66688.24148967447,66894.96276548828,0.26801899388932476,-0.014462682704406902,536.0767533185918,669.942559072709
bot01_ema_rsi_atr,61957,1774809600000,2026-03-29 18:40:00+00:00,66463.69523999999,61968,1774813200000,2026-03-29 19:40:00+00:00,66319.40088268922,stop_loss,66352.57717127485,66547.33424308771,0.2675524335739248,-0.31688541756959737,535.9540472581672,669.3844050957907
bot01_ema_rsi_atr,62023,1774829700000,2026-03-30 00:15:00+00:00,66937.8522,62024,1774830000000,2026-03-30 00:20:00+00:00,66609.69240281309,stop_loss,66643.01390976796,67296.47913534804,0.2669642161199638,-0.5897552380530581,535.5075240766325,668.4617718423374
bot01_ema_rsi_atr,62115,1774857300000,2026-03-30 07:55:00+00:00,67656.89154,62117,1774857900000,2026-03-30 08:05:00+00:00,67757.87466127974,take_profit,67510.61963563133,67791.77054655302,0.2674503629717629,0.04910844388823576,534.7694174738699,668.393668068562
bot01_ema_rsi_atr,62154,1774869000000,2026-03-30 11:10:00+00:00,67623.15467999999,62157,1774869900000,2026-03-30 11:25:00+00:00,67663.88977115952,take_profit,67517.1075730135,67697.73864047976,0.26730423386803515,-0.03982186092775095,534.7149344548495,668.206809208918
bot01_ema_rsi_atr,62206,1774884900000,2026-03-30 15:35:00+00:00,67855.70089499999,62210,1774886100000,2026-03-30 15:55:00+00:00,67587.52049248855,stop_loss,67621.33115806758,68122.47826289861,0.2666214309417463,-0.4948264015775144,534.5654473671344,667.4125363979972
bot01_ema_rsi_atr,62264,1774902300000,2026-03-30 20:25:00+00:00,66691.959315,62274,1774905300000,2026-03-30 21:15:00+00:00,66801.78693902199,take_profit,66540.91363913826,66835.20454129262,0.26705112983712187,0.06451427956965217,533.9300291183978,667.3650830533627
bot01_ema_rsi_atr,62732,1775043300000,2026-04-01 11:35:00+00:00,68654.29999500001,62737,1775044800000,2026-04-01 12:00:00+00:00,68482.4798396723,stop_loss,68516.73820877669,68774.86768683497,0.266478853195948,-0.3500183312405406,533.8920664426902,666.7648971913803
bot01_ema_rsi_atr,62884,1775089200000,2026-04-02 00:20:00+00:00,68273.43966,62888,1775090400000,2026-04-02 00:40:00+00:00,68348.51817179131,take_profit,68143.72698229695,68382.70952655458,0.2667191040279497,0.009857411100154935,533.4119177531043,666.6446762181881
bot01_ema_rsi_atr,62952,1775109600000,2026-04-02 06:00:00+00:00,66636.48159,62955,1775110500000,2026-04-02 06:15:00+00:00,66738.6555405287,take_profit,66490.60562579375,66772.04156130936,0.26672877084152696,0.05317701976855388,533.3157409745505,666.582176736842
bot01_ema_rsi_atr,63048,1775138700000,2026-04-02 14:05:00+00:00,66396.06144,63052,1775139900000,2026-04-02 14:25:00+00:00,66171.89548547409,stop_loss,66204.99798446632,66599.70302330055,0.2660499022720554,-0.43728173586587504,533.2657413894736,665.8664748472358
bot01_ema_rsi_atr,63107,1775156400000,2026-04-02 19:00:00+00:00,66985.35594,63119,1775160000000,2026-04-02 20:00:00+00:00,66776.13111041914,stop_loss,66809.53587835832,67165.39618246251,0.265797873628677,-0.41203178936377605,532.6931798777887,665.1851339583593
bot01_ema_rsi_atr,63122,1775160900000,2026-04-02 20:15:00+00:00,67024.945725,63133,1775164200000,2026-04-02 21:10:00+00:00,66835.61804980648,stop_loss,66869.05257609452,67175.04613585821,0.2655655980741654,-0.3821909745281363,532.1481071666874,664.5441498778985
bot01_ema_rsi_atr,63146,1775168100000,2026-04-02 22:15:00+00:00,67009.337925,63148,1775168700000,2026-04-02 22:25:00+00:00,66849.10730834148,stop_loss,66882.5485826328,67115.80212605084,0.26536726152374335,-0.33887773107237723,531.6353199023188,663.9612930189342
bot01_ema_rsi_atr,63232,1775194200000,2026-04-03 05:30:00+00:00,66756.751695,63236,1775195400000,2026-04-03 05:50:00+00:00,66586.48662189284,stop_loss,66619.79652015292,66878.78021977063,0.2651133730495423,-0.35479790989707527,531.1690344151473,663.357827746457
bot01_ema_rsi_atr,63339,1775226300000,2026-04-03 14:25:00+00:00,66938.57255999999,63363,1775233800000,2026-04-03 16:30:00+00:00,66960.00325000001,time_stop,66795.73602268215,67069.19596597677,0.2652528924658148,-0.06801655832915542,530.6862621971657,663.1350077867726
bot01_ema_rsi_atr,63419,1775250600000,2026-04-03 21:10:00+00:00,66938.04229499999,63428,1775253300000,2026-04-03 21:55:00+00:00,66937.38411239666,take_profit,66860.40363521985,66970.86954717024,0.2651200733339042,-0.10098228809533466,530.508006229418,662.8685849341912
bot01_ema_rsi_atr,63491,1775272200000,2026-04-04 03:10:00+00:00,66922.474515,63492,1775272500000,2026-04-04 03:15:00+00:00,66819.51592124901,stop_loss,66852.94239244523,66943.16141133216,0.2648111027900888,-0.2536937118698312,530.2948679473529,662.4000163648002
bot01_ema_rsi_atr,63580,1775299200000,2026-04-04 10:40:00+00:00,67063.384935,63581,1775299500000,2026-04-04 10:45:00+00:00,67052.15838966814,take_profit,66992.64917314114,67085.70124028828,0.2648053713014378,-0.11672346064459845,529.9200130918401,662.1130557522894
bot01_ema_rsi_atr,63611,1775308500000,2026-04-04 13:15:00+00:00,67145.29587,63615,1775309700000,2026-04-04 13:35:00+00:00,67128.18410885856,take_profit,67078.39000576384,67161.76499135424,0.264679085963758,-0.12545919138310146,529.6904446018315,661.8146629403183
bot01_ema_rsi_atr,63682,1775329800000,2026-04-04 19:10:00+00:00,67526.54639999999,63683,1775330100000,2026-04-04 19:15:00+00:00,67404.14873037093,stop_loss,67437.86766420303,67575.19850369547,0.2643538229700921,-0.28107733695592835,529.4517303522546,661.3106298439009
bot01_ema_rsi_atr,63793,1775363400000,2026-04-05 04:30:00+00:00,67196.76159,63796,1775364300000,2026-04-05 04:45:00+00:00,67094.66382036396,stop_loss,67128.22793433112,67215.60809850329,0.2641912336429688,-0.25178658830127004,529.0485038751207,660.8456824416351
bot01_ema_rsi_atr,63907,1775397600000,2026-04-05 14:00:00+00:00,66993.01976999998,63909,1775398200000,2026-04-05 14:10:00+00:00,66855.46701962649,stop_loss,66888.91147536418,67065.48278695371,0.26393500025246996,-0.3051186796697482,528.676545953308,660.3106438536868
bot01_ema_rsi_atr,64052,1775441400000,2026-04-06 02:10:00+00:00,69147.686565,64056,1775442600000,2026-04-06 02:30:00+00:00,69322.43764985152,take_profit,68950.47252802967,69357.11620795549,0.2643256110830684,0.15246879894176563,528.2485150829494,660.3797339129682
bot01_ema_rsi_atr,64120,1775461800000,2026-04-06 07:50:00+00:00,69223.23431999999,64121,1775462100000,2026-04-06 07:55:00+00:00,69051.21938378512,stop_loss,69085.76226491758,69342.95660262363,0.26369194625052195,-0.348244571301403,528.3037871303745,659.7881705988349
bot01_ema_rsi_atr,64366,1775536200000,2026-04-07 04:30:00+00:00,68851.84872,64369,1775537100000,2026-04-07 04:45:00+00:00,68930.64699296284,take_profit,68718.98029483887,68965.1295577417,0.2639341799841214,0.014331679037436002,527.8305364790679,659.675105797558
bot01_ema_rsi_atr,64469,1775567100000,2026-04-07 13:05:00+00:00,68614.37004,64474,1775568600000,2026-04-07 13:30:00+00:00,68405.58680229673,stop_loss,68439.80670564955,68790.48994152568,0.26333705027369797,-0.40398071766011445,527.7400846380464,659.0107117231186
bot01_ema_rsi_atr,64543,1775589300000,2026-04-07 19:15:00+00:00,68769.64764,64544,1775589600000,2026-04-07 19:20:00+00:00,68571.82668899518,stop_loss,68606.12975387211,68929.00536919183,0.2630937231259691,-0.38736969991230824,527.2085693784949,658.368858579059
bot01_ema_rsi_atr,64932,1775706600000,2026-04-09 03:50:00+00:00,71057.79114,64936,1775707800000,2026-04-09 04:10:00+00:00,70883.56869512679,stop_loss,70919.0282092314,71177.1576861529,0.2628933492784,-0.34493897099253823,526.6950868632472,657.7834448482728
bot01_ema_rsi_atr,64987,1775723400000,2026-04-09 08:30:00+00:00,71112.54850499998,64989,1775724000000,2026-04-09 08:40:00+00:00,71157.61029447924,take_profit,70999.5454013812,71193.20689792819,0.26306510123070326,-0.03669650626202597,526.2267558786182,657.6036597274058
bot01_ema_rsi_atr,65064,1775746500000,2026-04-09 14:55:00+00:00,71157.090765,65066,1775747100000,2026-04-09 15:05:00+00:00,70933.89139621572,stop_loss,70969.37608425785,71349.76087361322,0.2624978129174254,-0.4133576246840654,526.0829277819246,656.9290316728968
bot01_ema_rsi_atr,65122,1775763900000,2026-04-09 19:45:00+00:00,72261.21255,65124,1775764500000,2026-04-09 19:55:00+00:00,72023.38578713487,stop_loss,72059.41549488231,72473.62675767655,0.26220824111494634,-0.4287917926063879,525.5432253383175,656.2348376839041
bot01_ema_rsi_atr,65190,1775784600000,2026-04-10 01:30:00+00:00,72214.559235,65205,1775789100000,2026-04-10 02:45:00+00:00,71970.01272372999,stop_loss,72006.01573159578,72437.15140260634,0.2619186794133523,-0.43830015352406765,524.9878701471232,655.5289103118181
bot01_ema_rsi_atr,65230,1775796600000,2026-04-10 04:50:00+00:00,72142.403175,65234,1775797800000,2026-04-10 05:10:00+00:00,71970.0333652924,stop_loss,72006.03638348414,72256.82042477379,0.26176752061071573,-0.33869102264334267,524.4231282494545,654.9542050592582
bot01_ema_rsi_atr,65283,1775812500000,2026-04-10 09:15:00+00:00,71858.02105499999,65293,1775815500000,2026-04-10 10:05:00+00:00,71692.42569412084,stop_loss,71728.28983904036,71962.84024143947,0.26154912729607893,-0.33021753603770737,523.9633640474066,654.3910920453495
bot01_ema_rsi_atr,65435,1775858400000,2026-04-10 22:00:00+00:00,73236.59999999999,65438,1775859300000,2026-04-10 22:15:00+00:00,73051.01859798387,stop_loss,73087.56237917345,73368.65643123983,0.26129424509388177,-0.3531464057781192,523.5128736362797,653.7984842944068
bot01_ema_rsi_atr,65547,1775892000000,2026-04-11 07:20:00+00:00,72864.61409999999,65550,1775892900000,2026-04-11 07:35:00+00:00,72743.17967217308,stop_loss,72779.56945690153,72901.1458146477,0.26117093095010824,-0.2664909570955517,523.0387874355254,653.3196102926611
bot01_ema_rsi_atr,65570,1775899200000,2026-04-11 09:20:00+00:00,72892.40798999999,65572,1775899800000,2026-04-11 09:30:00+00:00,72763.00110077894,stop_loss,72799.40080117952,72940.8487982307,0.26096544271587574,-0.2773538368351963,522.6556882341289,652.8269073708151
bot01_ema_rsi_atr,65641,1775920500000,2026-04-11 15:15:00+00:00,72840.812205,65643,1775921100000,2026-04-11 15:25:00+00:00,72698.69635808327,stop_loss,72735.06389002828,72908.42916495759,0.26074571311239153,-0.2949095936358345,522.2615258966521,652.3116772032423
bot01_ema_rsi_atr,65720,1775944200000,2026-04-11 21:50:00+00:00,73538.75099999999,65722,1775944800000,2026-04-11 22:00:00+00:00,73370.02113367802,stop_loss,73406.72449592598,73644.91325611102,0.26049517056618576,-0.3292140322802727,521.8493417625939,651.7521440530056
bot01_ema_rsi_atr,65837,1775979600000,2026-04-12 07:40:00+00:00,71781.782955,65838,1775979900000,2026-04-12 07:45:00+00:00,71659.16825585958,stop_loss,71695.01576374145,71822.25135438783,0.26034807059252574,-0.2706450848651565,521.4017152424045,651.2693593825472
bot01_ema_rsi_atr,65991,1776026100000,2026-04-12 20:35:00+00:00,71192.91867,65992,1776026400000,2026-04-12 20:40:00+00:00,71202.65889582463,take_profit,71103.3813101053,71238.27803484205,0.2603952926829963,-0.08633222828816343,521.0154875060377,651.0267668917181
bot01_ema_rsi_atr,66071,1776050100000,2026-04-13 03:15:00+00:00,71181.31287,66072,1776050400000,2026-04-13 03:20:00+00:00,71011.42150946791,stop_loss,71046.94498195889,71293.93252706167,0.25997004570955495,-0.3384354296492374,520.8214135133745,650.4563411522546
bot01_ema_rsi_atr,66087,1776054900000,2026-04-13 04:35:00+00:00,71161.64304,66088,1776055200000,2026-04-13 04:40:00+00:00,71016.6155405477,stop_loss,71052.14161135338,71236.98758296994,0.2597875841844719,-0.3035962995843256,520.3650729218036,649.9316925598706
bot01_ema_rsi_atr,66106,1776060600000,2026-04-13 06:10:00+00:00,71045.40495,66117,1776063900000,2026-04-13 07:05:00+00:00,70901.4248818406,stop_loss,70936.89332850486,71119.41000724271,0.2595795248065167,-0.3024565673071491,519.9453540478964,649.4089471561444
bot01_ema_rsi_atr,66159,1776076500000,2026-04-13 10:35:00+00:00,70878.68162999999,66160,1776076800000,2026-04-13 10:40:00+00:00,70736.4195816435,stop_loss,70771.80548438568,70950.44177342147,0.25937326937128624,-0.30051132870958347,519.5271577249156,648.8891461850328
bot01_ema_rsi_atr,66163,1776078000000,2026-04-13 11:00:00+00:00,70875.910245,66171,1776080400000,2026-04-13 11:40:00+00:00,70920.69530995128,take_profit,70763.36773556695,70956.1733966496,0.25950780264596146,-0.03687519534963396,519.1113169480262,648.7115603835722
bot01_ema_rsi_atr,66362,1776138000000,2026-04-14 03:40:00+00:00,74503.39308,66374,1776141600000,2026-04-14 04:40:00+00:00,74332.09328331625,stop_loss,74369.27792227738,74611.48311658393,0.2590568738456023,-0.3296922191225788,518.9692483068577,648.1544955139766
bot01_ema_rsi_atr,66474,1776171600000,2026-04-14 13:00:00+00:00,74619.39105,66480,1776173400000,2026-04-14 13:30:00+00:00,74697.2880350511,take_profit,74480.39642484504,74734.65536273246,0.259267356808994,0.004288023489626686,518.5235964111813,648.0304176596737
bot01_ema_rsi_atr,66583,1776204600000,2026-04-14 22:10:00+00:00,74347.43514,66584,1776204900000,2026-04-14 22:15:00+00:00,74137.87140707996,stop_loss,74174.95888652322,74513.26167021517,0.25871760455798987,-0.381588959717178,518.424334127739,647.406743632768
bot01_ema_rsi_atr,66734,1776249900000,2026-04-15 10:45:00+00:00,74124.6438,66736,1776250500000,2026-04-15 10:55:00+00:00,73940.51502504709,stop_loss,73977.50377693555,74252.74433459667,0.25851190055185785,-0.3481558584946118,517.9253949062144,646.8269161796933
bot01_ema_rsi_atr,66776,1776262800000,2026-04-15 14:20:00+00:00,74460.55166999999,66779,1776263700000,2026-04-15 14:35:00+00:00,74212.25658016186,stop_loss,74249.38127079725,74684.27809380411,0.25817045251327664,-0.4331251101221946,517.4615329437546,646.1377971518152
bot01_ema_rsi_atr,66786,1776265800000,2026-04-15 15:10:00+00:00,74312.22754499999,66788,1776266400000,2026-04-15 15:20:00+00:00,74056.4612931975,stop_loss,74093.50804722111,74547.46292916834,0.257881563395278,-0.4438337054234664,516.9102377214522,645.4355876824022
bot01_ema_rsi_atr,66921,1776306300000,2026-04-16 02:25:00+00:00,74935.94924999999,66922,1776306600000,2026-04-16 02:30:00+00:00,75043.11635426141,take_profit,74777.0622115982,75080.65668260271,0.2582295729053927,0.042868594084248896,516.3484701459217,645.3617830594651
bot01_ema_rsi_atr,66975,1776322800000,2026-04-16 07:00:00+00:00,75095.42894999999,66976,1776323100000,2026-04-16 07:05:00+00:00,74930.74275152729,stop_loss,74968.22686495977,75192.40970256033,0.25773286494326636,-0.31908325789546144,516.289426447572,644.821274270614
bot01_ema_rsi_atr,67107,1776362400000,2026-04-16 18:00:00+00:00,74390.306565,67116,1776365100000,2026-04-16 18:45:00+00:00,74591.00710646193,take_profit,74169.66915526969,74628.32126709547,0.25814713526416994,0.16952414928586979,515.8570194164912,644.9107169461283
bot01_ema_rsi_atr,67170,1776381600000,2026-04-16 23:20:00+00:00,75114.5385,67179,1776384300000,2026-04-17 00:05:00+00:00,74935.89378306642,stop_loss,74973.38047330307,75232.42929004539,0.25752885348756877,-0.3375919173312112,515.9285735569026,644.3467369451473
bot01_ema_rsi_atr,67253,1776406500000,2026-04-17 06:15:00+00:00,74767.78520999999,67258,1776408000000,2026-04-17 06:40:00+00:00,74809.62210772547,take_profit,74652.6695796395,74847.04563054074,0.25768186316988917,-0.044100175349082484,515.4773895561178,644.1610928211967
bot01_ema_rsi_atr,67416,1776455700000,2026-04-17 19:55:00+00:00,77437.13922,67423,1776457800000,2026-04-17 20:30:00+00:00,77214.47147964529,stop_loss,77253.09802865962,77616.45295701058,0.2571655228988503,-0.3872588978040463,515.3288742569573,643.5338452872337
bot01_ema_rsi_atr,67479,1776474600000,2026-04-18 01:10:00+00:00,77351.87660999999,67484,1776476100000,2026-04-18 01:35:00+00:00,77176.12936136828,stop_loss,77214.73672973314,77460.9449054003,0.25699269569674876,-0.32697768829616514,514.8270762297869,642.9847169424496
bot01_ema_rsi_atr,67526,1776488700000,2026-04-18 05:05:00+00:00,77265.47343,67529,1776489600000,2026-04-18 05:20:00+00:00,77112.3233850397,stop_loss,77150.89883445692,77340.80174831461,0.25681064914919993,-0.29801456992812836,514.3877735539597,642.4732656089091
bot01_ema_rsi_atr,67721,1776547500000,2026-04-18 21:25:00+00:00,75775.10862,67729,1776549900000,2026-04-18 22:05:00+00:00,75619.20504773293,stop_loss,75657.03356451518,75857.54965322724,0.256596704510585,-0.3055393539267084,513.9786124871273,641.9525618245417
bot01_ema_rsi_atr,67753,1776557100000,2026-04-19 00:05:00+00:00,75877.909995,67754,1776557400000,2026-04-19 00:10:00+00:00,75741.91866018118,stop_loss,75779.80856446341,75930.2621533049,0.2564227578653149,-0.27904465672940165,513.5620494596334,641.4662627145395
bot01_ema_rsi_atr,68116,1776666600000,2026-04-20 06:30:00+00:00,74564.36355,68118,1776667200000,2026-04-20 06:40:00+00:00,74634.10559142682,take_profit,74430.87245861144,74671.44131208285,0.25657808794398773,-0.0065608608880686975,513.1730101716316,641.3295607373103
bot01_ema_rsi_atr,68147,1776675900000,2026-04-20 09:05:00+00:00,74987.464995,68154,1776678000000,2026-04-20 09:40:00+00:00,75147.11455110749,take_profit,74793.51206362683,75184.70690455976,0.2566763655558621,0.11268875613012067,513.0636485898483,641.3456915448398
bot01_ema_rsi_atr,68209,1776694800000,2026-04-20 14:20:00+00:00,75558.470355,68213,1776696000000,2026-04-20 14:40:00+00:00,75283.19121767739,stop_loss,75320.85164349913,75820.49753475132,0.2559431570027005,-0.46396165366135295,513.0765532358719,640.6228979109106
bot01_ema_rsi_atr,68222,1776698700000,2026-04-20 15:25:00+00:00,75792.11712,68230,1776701100000,2026-04-20 16:05:00+00:00,75470.62436643991,stop_loss,75508.37855571776,76123.03216642338,0.2555781030197545,-0.5237528558517779,512.4983183287285,639.8243882428633
bot01_ema_rsi_atr,68241,1776704400000,2026-04-20 17:00:00+00:00,75510.7365,68244,1776705300000,2026-04-20 17:15:00+00:00,75693.55453693663,take_profit,75300.71983529323,75731.42024706016,0.25611129466384774,0.14186655747913646,511.8595105942906,639.8777811925504
bot01_ema_rsi_atr,68402,1776753000000,2026-04-21 06:30:00+00:00,76098.03,68406,1776754200000,2026-04-21 06:50:00+00:00,75939.20332099775,stop_loss,75977.19191695623,76184.21212456566,0.25555630206765556,-0.30850454646887965,511.9022249540403,639.3553900373566
bot01_ema_rsi_atr,68498,1776781800000,2026-04-21 14:30:00+00:00,76247.22455999999,68500,1776782400000,2026-04-21 14:40:00+00:00,76445.00135110861,take_profit,76026.37135160339,76483.2429725949,0.255945636559217,0.15912945088516534,511.4843120298853,639.4307960230791
bot01_ema_rsi_atr,68598,1776812100000,2026-04-21 22:55:00+00:00,75675.86902499999,68600,1776812700000,2026-04-21 23:05:00+00:00,75763.98904232556,take_profit,75528.8233417872,75801.88998731921,0.25579319910766996,0.016327567086357526,511.5446368184633,639.3237696816143
bot01_ema_rsi_atr,69038,1776944700000,2026-04-23 11:45:00+00:00,77647.16417999999,69041,1776945600000,2026-04-23 12:00:00+00:00,77731.89783442263,take_profit,77500.07784930957,77770.78322603565,0.25574103795095227,0.009017401552470525,511.4590157452914,639.2074234759061
bot01_ema_rsi_atr,69071,1776954600000,2026-04-23 14:30:00+00:00,77864.502795,69075,1776955800000,2026-04-23 14:50:00+00:00,78029.36192437552,take_profit,77663.71925170883,78068.39612243674,0.2558255304546246,0.1115139303974718,511.3659387807249,639.2220004944088
bot01_ema_rsi_atr,69255,1777010100000,2026-04-24 05:55:00+00:00,77988.97499999999,69261,1777011900000,2026-04-24 06:25:00+00:00,77808.01390954759,stop_loss,77846.9373782367,78104.59393264494,0.2552646097155668,-0.3318021609618002,511.37760039552705,638.6703898025954
bot01_ema_rsi_atr,69284,1777018800000,2026-04-24 08:20:00+00:00,77964.00252,69286,1777019400000,2026-04-24 08:30:00+00:00,77787.72546324528,stop_loss,77826.6387826366,78072.64182604509,0.25505190316784576,-0.325874472841219,510.93631184207635,638.1268192241956
bot01_ema_rsi_atr,69422,1777060500000,2026-04-24 19:55:00+00:00,77672.91705,69423,1777060800000,2026-04-24 20:00:00+00:00,77509.33895967786,stop_loss,77548.11301618595,77763.0804757211,0.2548545938498651,-0.31038801996662874,510.5014553793565,637.6034561543775
bot01_ema_rsi_atr,69635,1777124700000,2026-04-25 13:45:00+00:00,77703.402285,69638,1777125600000,2026-04-25 14:00:00+00:00,77682.78831033267,take_profit,77626.51724339994,77721.64913490012,0.25488006557224474,-0.12650252123726197,510.08276492350194,637.3147798905298
bot01_ema_rsi_atr,69785,1777170000000,2026-04-26 02:20:00+00:00,77608.78499999999,69789,1777171200000,2026-04-26 02:40:00+00:00,77485.59178042495,stop_loss,77524.35395740364,77638.46906389453,0.25459632150459566,-0.25857744243190084,509.85182391242387,636.858056073387
bot01_ema_rsi_atr,69973,1777226700000,2026-04-26 18:05:00+00:00,78121.21108499999,69974,1777227000000,2026-04-26 18:10:00+00:00,77991.82458554322,stop_loss,78030.840005546,78159.164991681,0.25440510540713496,-0.265457128943734,509.48644485870966,636.3929055569747
bot01_ema_rsi_atr,70019,1777240500000,2026-04-26 21:55:00+00:00,78452.98689,70023,1777241700000,2026-04-26 22:15:00+00:00,78627.09383520011,take_profit,78245.3486341837,78666.42704872446,0.2547120644194837,0.12170327115623314,509.11432444557977,636.4203742703604
bot01_ema_rsi_atr,70186,1777290900000,2026-04-27 11:55:00+00:00,77885.50329,70187,1777291200000,2026-04-27 12:00:00+00:00,77754.30834012435,stop_loss,77793.20494259564,77926.64258610655,0.25422667521160774,-0.26827747063245105,509.13629941628835,635.9519571734664
bot01_ema_rsi_atr,70207,1777297200000,2026-04-27 13:40:00+00:00,77888.93500499999,70208,1777297500000,2026-04-27 13:45:00+00:00,77710.4886547598,stop_loss,77749.36333642801,78000.97999535798,0.25396248611638017,-0.3288744914518413,508.76156573877313,635.4068883257783
bot01_ema_rsi_atr,70213,1777299000000,2026-04-27 14:10:00+00:00,77898.50979,70218,1777300500000,2026-04-27 14:35:00+00:00,78007.38945019916,take_profit,77735.02489564838,78046.41265652742,0.25421311946062664,0.039631400950019144,508.3255106606226,635.3301207142981
bot01_ema_rsi_atr,70313,1777329000000,2026-04-27 22:30:00+00:00,76988.485005,70316,1777329900000,2026-04-27 22:45:00+00:00,77024.31841683786,take_profit,76874.7834388275,77062.84984175874,0.25406406455114533,-0.05350268494865451,508.2640965714385,635.1351389393159
bot01_ema_rsi_atr,70533,1777395300000,2026-04-28 16:55:00+00:00,76171.23658499999,70536,1777396200000,2026-04-28 17:10:00+00:00,75982.96934669447,stop_loss,76020.97983661278,76301.45524508084,0.25361337849110366,-0.34691600071022194,508.1081111514527,634.5678755039899
bot01_ema_rsi_atr,70593,1777413600000,2026-04-28 22:00:00+00:00,76437.809805,70595,1777414200000,2026-04-28 22:10:00+00:00,76299.48116270833,stop_loss,76337.64998770217,76492.55001844674,0.2534707922351097,-0.28078790326660563,507.6543004031919,634.0849603203693
bot01_ema_rsi_atr,70911,1777509300000,2026-04-30 00:35:00+00:00,76210.2861,70912,1777509600000,2026-04-30 00:40:00+00:00,76034.10477706892,stop_loss,76072.14084749266,76322.288728761,0.2532142874765418,-0.3309467010492545,507.26796825629543,633.5388663733509
bot01_ema_rsi_atr,71036,1777547100000,2026-04-30 11:05:00+00:00,76220.27109,71039,1777548000000,2026-04-30 11:20:00+00:00,76067.6585869025,stop_loss,76105.71144262381,76296.88283606427,0.2530353910649167,-0.30002538486693725,506.8310930986807,633.032383271137
bot01_ema_rsi_atr,71049,1777551000000,2026-04-30 12:10:00+00:00,76185.903915,71051,1777551600000,2026-04-30 12:20:00+00:00,76236.31070006095,take_profit,76063.41805065137,76274.44792402296,0.2531700295513452,-0.03390328697543143,506.4259066169096,632.8628959611303
bot01_ema_rsi_atr,71122,1777572900000,2026-04-30 18:15:00+00:00,76459.27053,71124,1777573500000,2026-04-30 18:25:00+00:00,76292.2141993377,stop_loss,76330.37938903221,76557.08091645168,0.2527423131473435,-0.3182721247205149,506.2903167689043,632.3338809900666
bot01_ema_rsi_atr,71189,1777593300000,2026-04-30 23:55:00+00:00,76386.67425,71190,1777593600000,2026-05-01 00:00:00+00:00,76398.42166925692,take_profit,76289.74000716564,76436.63998925153,0.25282651535149847,-0.08463649327203979,505.8671047920533,632.100484206385
bot01_ema_rsi_atr,71314,1777630800000,2026-05-01 10:20:00+00:00,77438.7,71316,1777631400000,2026-05-01 10:30:00+00:00,77293.13394782893,stop_loss,77331.7998477528,77502.3002283708,0.2524763719772423,-0.2877878710759536,505.680387365108,631.6106062259373
bot01_ema_rsi_atr,71321,1777632900000,2026-05-01 10:55:00+00:00,77337.6495,71325,1777634100000,2026-05-01 11:15:00+00:00,77346.1641405852,take_profit,77241.76228742025,77384.85656886963,0.25253181414376413,-0.08900131307376853,505.28848498074984,631.3719681864279
bot01_ema_rsi_atr,71401,1777657200000,2026-05-01 17:40:00+00:00,78477.43910999999,71425,1777664400000,2026-05-01 19:40:00+00:00,78296.53215,time_stop,78292.57952184285,78656.68071723571,0.25213171500295906,-0.330290456836487,505.09757454914234,630.8290385934502
bot01_ema_rsi_atr,71477,1777680000000,2026-05-02 00:00:00+00:00,78310.27557,71479,1777680600000,2026-05-02 00:10:00+00:00,78165.95295347531,stop_loss,78205.05548121591,78370.26677817614,0.25197316375435286,-0.2841115905399805,504.66323087476013,630.3447795543873
bot01_ema_rsi_atr,71723,1777754100000,2026-05-02 20:35:00+00:00,78513.37707,71724,1777754400000,2026-05-02 20:40:00+00:00,78409.35545687439,stop_loss,78448.57974674775,78512.48037987835,0.25184498235427705,-0.23235654278359613,504.27582364350985,629.926074060466
bot01_ema_rsi_atr,71823,1777784400000,2026-05-03 05:00:00+00:00,78268.7148,71836,1777788300000,2026-05-03 06:05:00+00:00,78145.48375229488,stop_loss,78184.57604031503,78297.13593952746,0.2516462839468413,-0.2572886650457905,503.9408592483728,629.4762673139862
bot01_ema_rsi_atr,71845,1777791000000,2026-05-03 06:50:00+00:00,78361.89136499999,71846,1777791300000,2026-05-03 06:55:00+00:00,78240.92587644396,stop_loss,78280.06590939865,78386.72613590202,0.25147046434367704,-0.254213382248005,503.58101385118897,629.0306495211879
bot01_ema_rsi_atr,71897,1777806600000,2026-05-03 11:10:00+00:00,78566.55364499999,71902,1777808100000,2026-05-03 11:35:00+00:00,78551.72448555191,take_profit,78484.8033363002,78591.01999554968,0.25146273196144997,-0.11885577208282884,503.2245196169503,628.7554650721055
bot01_ema_rsi_atr,71970,1777828800000,2026-05-03 17:20:00+00:00,78808.774695,71978,1777831200000,2026-05-03 18:00:00+00:00,78675.92051991988,stop_loss,78715.27815899937,78850.55776150095,0.25116465837624136,-0.2684093191636238,503.0043720576844,628.2925238541428
bot01_ema_rsi_atr,71983,1777832700000,2026-05-03 18:25:00+00:00,78776.52858,71985,1777833300000,2026-05-03 18:35:00+00:00,78650.18661425589,stop_loss,78689.53137994585,78808.60293008124,0.2509900211884074,-0.26021983457952835,502.63401908331423,627.8402039844755
bot01_ema_rsi_atr,71996,1777836600000,2026-05-03 19:30:00+00:00,78865.523055,71999,1777837500000,2026-05-03 19:45:00+00:00,78740.24133879313,stop_loss,78779.6311543703,78895.82826844454,0.2508112420885645,-0.2586960051014605,502.27216318758036,627.3901212779581
bot01_ema_rsi_atr,72026,1777845600000,2026-05-03 22:00:00+00:00,79148.69456999999,72027,1777845900000,2026-05-03 22:05:00+00:00,78964.57078338633,stop_loss,79004.07281979622,79266.74077030567,0.2505389625760307,-0.3323975952179161,501.9120970223665,626.8479744044852
bot01_ema_rsi_atr,72068,1777858200000,2026-05-04 01:30:00+00:00,78981.300915,72069,1777858500000,2026-05-04 01:35:00+00:00,78752.8926145871,stop_loss,78792.28875896658,79166.14186155015,0.2502516227821816,-0.3889036891884832,501.47837952358816,626.2355253969714
bot01_ema_rsi_atr,72165,1777887600000,2026-05-04 09:40:00+00:00,79895.80794,72169,1777888800000,2026-05-04 10:00:00+00:00,79723.85406418114,stop_loss,79763.73593214722,79994.09610177919,0.2500996724741021,-0.31500742826461936,500.98842031757715,625.7161351448902
bot01_ema_rsi_atr,72221,1777904400000,2026-05-04 14:20:00+00:00,79310.185275,72224,1777905300000,2026-05-04 14:35:00+00:00,79491.26051589791,take_profit,79096.89931405842,79531.02602891237,0.25044674301801056,0.128084406851137,500.5729081159122,625.7511205889557
bot01_ema_rsi_atr,72554,1778004600000,2026-05-05 18:10:00+00:00,81604.78199999999,72556,1778005200000,2026-05-05 18:20:00+00:00,81408.98650040766,stop_loss,81449.7113560857,81735.43296587144,0.24987532359569337,-0.33969147309618847,500.60089647116456,625.2012708495889
bot01_ema_rsi_atr,72815,1778083500000,2026-05-06 16:05:00+00:00,81870.904995,72818,1778084400000,2026-05-06 16:20:00+00:00,81619.42603160214,stop_loss,81660.25615968197,82084.59076047705,0.24957177196663444,-0.4068580766877012,500.16101667967115,624.5680029585911
bot01_ema_rsi_atr,72861,1778097300000,2026-05-06 19:55:00+00:00,81500.73,72862,1778097600000,2026-05-06 20:00:00+00:00,81565.79145297712,take_profit,81362.2701664318,81606.59475035229,0.249801905503945,-0.020250540671044,499.6544023668729,624.4178189741874
bot01_ema_rsi_atr,72881,1778103300000,2026-05-06 21:35:00+00:00,81637.288245,72886,1778104800000,2026-05-06 22:00:00+00:00,81465.24390448845,stop_loss,81505.99690293992,81732.22964559014,0.24937932465012838,-0.31053160861399465,499.53425517934994,623.9055202737856
bot01_ema_rsi_atr,72969,1778130000000,2026-05-07 05:00:00+00:00,81134.476965,72979,1778133000000,2026-05-07 05:50:00+00:00,80973.14902998436,stop_loss,81013.65585791331,81214.34121313001,0.24918956015624133,-0.298641333634452,499.12441621902843,623.4084638644111
bot01_ema_rsi_atr,72987,1778135400000,2026-05-07 06:30:00+00:00,81320.82009,72992,1778136900000,2026-05-07 06:55:00+00:00,81370.73574073752,take_profit,81192.67235902115,81411.44146146825,0.24931515837294238,-0.038680235846605765,498.7267710915289,623.235603225989
bot01_ema_rsi_atr,73055,1778155800000,2026-05-07 12:10:00+00:00,81131.535495,73057,1778156400000,2026-05-07 12:20:00+00:00,80954.45618037482,stop_loss,80994.95365720341,81235.04451419489,0.24889780892456032,-0.318043741229894,498.58848258079126,622.7149201718744
bot01_ema_rsi_atr,73124,1778176500000,2026-05-07 17:55:00+00:00,80138.12904,73142,1778181900000,2026-05-07 19:25:00+00:00,79911.18151149499,stop_loss,79951.15709004,80318.46436494002,0.24860907773102653,-0.3829122462583863,498.17193613749953,622.1139637404546
bot01_ema_rsi_atr,73262,1778218200000,2026-05-08 05:30:00+00:00,79730.6454,73267,1778219700000,2026-05-08 05:55:00+00:00,79587.67769494758,stop_loss,79627.4914406679,79785.76283899817,0.2484982791107434,-0.279134053952314,497.69117099236365,621.6425818686535
bot01_ema_rsi_atr,73289,1778226300000,2026-05-08 07:45:00+00:00,79719.84,73299,1778229300000,2026-05-08 08:35:00+00:00,79770.84881046922,take_profit,79592.83054162466,79810.754187563,0.24861217639106564,-0.036078896221134305,497.3140654949228,621.4734418522404
bot01_ema_rsi_atr,73367,1778250000000,2026-05-08 14:20:00+00:00,80296.10798999999,73368,1778250300000,2026-05-08 14:25:00+00:00,80051.31140983148,stop_loss,80091.35708837566,80502.9143674365,0.24808652712013302,-0.40456243734602715,497.17875348179234,620.8468003927276
bot01_ema_rsi_atr,73404,1778261100000,2026-05-08 17:25:00+00:00,80040.76037999999,73405,1778261400000,2026-05-08 17:30:00+00:00,80152.26514107884,take_profit,79873.02578550686,80192.3613217397,0.24838735811778728,0.03917066228371704,496.67744031418204,620.7712203553846
bot01_ema_rsi_atr,73434,1778270100000,2026-05-08 19:55:00+00:00,80218.099005,73446,1778273700000,2026-05-08 20:55:00+00:00,80049.24900690226,stop_loss,80089.29365372912,80311.0845194063,0.24792326462953718,-0.3102781668873961,496.61697628430767,620.2622278222095
bot01_ema_rsi_atr,73493,1778287800000,2026-05-09 00:50:00+00:00,80275.207545,73497,1778289000000,2026-05-09 01:10:00+00:00,80266.382215037,take_profit,80187.45967814774,80306.53548277837,0.24796721419084522,-0.11098284875576268,496.20978225776764,620.0006361155446
bot01_ema_rsi_atr,73531,1778299200000,2026-05-09 04:00:00+00:00,80500.23,73532,1778299500000,2026-05-09 04:05:00+00:00,80495.5500927891,take_profit,80409.45466547334,80535.81800178999,0.24786905273981347,-0.10580771918749497,496.0005088924357,619.7455654836235
bot01_ema_rsi_atr,73579,1778313900000,2026-05-09 08:05:00+00:00,80401.61071499999,73585,1778315700000,2026-05-09 08:35:00+00:00,80406.64303144944,take_profit,80304.4723568788,80446.86646468178,0.24778202726600235,-0.09374728430402551,495.7964523868988,619.5055336420071
bot01_ema_rsi_atr,73777,1778373600000,2026-05-10 00:40:00+00:00,80776.37800499999,73778,1778373900000,2026-05-10 00:45:00+00:00,80648.4826690184,stop_loss,80688.82708255967,80806.78437616047,0.24748233268756883,-0.25817426307195007,495.60442691360566,619.0620716468139
bot01_ema_rsi_atr,73948,1778424900000,2026-05-10 14:55:00+00:00,81016.49800499999,73949,1778425200000,2026-05-10 15:00:00+00:00,81019.99273735822,take_profit,80919.66800076157,81060.52299885765,0.24750635168310442,-0.09569070780414651,495.2496573174511,618.819900733839
bot01_ema_rsi_atr,74000,1778440800000,2026-05-10 19:20:00+00:00,81511.425345,74005,1778442300000,2026-05-10 19:45:00+00:00,81346.82564385785,stop_loss,81387.51940355964,81595.44589466056,0.24715452404297966,-0.3017325801199257,495.05592058707117,618.3230739393869
bot01_ema_rsi_atr,74240,1778513100000,2026-05-11 15:25:00+00:00,81380.92012499999,74248,1778515500000,2026-05-11 16:05:00+00:00,81557.4080169883,take_profit,81168.27858630096,81598.20712054857,0.24747348380283782,0.11664955842904695,494.6584591515095,618.3435192974549
bot01_ema_rsi_atr,75066,1778762100000,2026-05-14 12:35:00+00:00,79648.074135,75070,1778763300000,2026-05-14 12:55:00+00:00,79721.00131023208,take_profit,79506.52883259492,79760.88175110763,0.24732685901865925,-0.00852980583891818,494.67481543796396,618.209312441973
bot01_ema_rsi_atr,75332,1778842200000,2026-05-15 10:50:00+00:00,80784.21191999999,75334,1778842800000,2026-05-15 11:00:00+00:00,80603.85160487155,stop_loss,80644.17369171741,80893.33946242387,0.2468843140665288,-0.3230385746558148,494.5674499535784,617.6866590801344
bot01_ema_rsi_atr,75399,1778862600000,2026-05-15 16:30:00+00:00,79372.64648999998,75402,1778863500000,2026-05-15 16:45:00+00:00,79163.76702684225,stop_loss,79203.36871119785,79527.39693320321,0.2466263468166487,-0.36289986906365124,494.1493272641075,617.1152532497287
bot01_ema_rsi_atr,75865,1779003000000,2026-05-17 07:30:00+00:00,78245.673285,75866,1779003300000,2026-05-17 07:35:00+00:00,78122.27376798155,stop_loss,78161.35444520414,78274.39333219381,0.24652822513949718,-0.25755007571142946,493.69220259978295,616.6742719148449
bot01_ema_rsi_atr,75887,1779009600000,2026-05-17 09:20:00+00:00,78175.718325,75890,1779010500000,2026-05-17 09:35:00+00:00,78057.30320056604,stop_loss,78096.35137625416,78197.09793561875,0.24635974169723981,-0.251321550788611,493.33941753187594,616.2412799588325
bot01_ema_rsi_atr,75990,1779040800000,2026-05-17 18:00:00+00:00,78229.865385,75993,1779041700000,2026-05-17 18:15:00+00:00,78076.46101227395,stop_loss,78115.51877165979,78303.64684251034,0.24613182250192184,-0.29589828973769766,492.993023967066,615.7537069107111
bot01_ema_rsi_atr,76028,1779052200000,2026-05-17 21:10:00+00:00,78342.19152,76030,1779052800000,2026-05-17 21:20:00+00:00,78333.8912913393,take_profit,78256.34811316371,78373.07783025442,0.2461652974483764,-0.11058424365102994,492.6029655285689,615.4945070387369
bot01_ema_rsi_atr,76112,1779077400000,2026-05-18 04:10:00+00:00,77068.52500499999,76114,1779078000000,2026-05-18 04:20:00+00:00,76883.04184448413,stop_loss,76921.50259578202,77192.77110632695,0.24577873431411906,-0.3404323650197248,492.3956056309895,614.9527587044548
bot01_ema_rsi_atr,76151,1779089100000,2026-05-18 07:25:00+00:00,77082.46197,76154,1779090000000,2026-05-18 07:40:00+00:00,76896.68263284689,stop_loss,76935.15020795086,77207.1246880737,0.24556198520536843,-0.340772742687157,491.96220696356386,614.4110689945768
bot01_ema_rsi_atr,76290,1779131100000,2026-05-18 19:05:00+00:00,76708.324995,76298,1779133500000,2026-05-18 19:45:00+00:00,76896.69223063393,take_profit,76493.21012630723,76935.15981053919,0.24594299683588483,0.14531739991787176,491.52885519566144,614.466577449594
bot01_ema_rsi_atr,76403,1779165300000,2026-05-19 04:35:00+00:00,76882.21189499999,76411,1779167700000,2026-05-19 05:15:00+00:00,76718.00098179435,stop_loss,76756.37917138003,76974.90624292994,0.24540151519905962,-0.31337406696425446,491.57326195967516,613.9589534691069
bot01_ema_rsi_atr,76480,1779188400000,2026-05-19 11:00:00+00:00,77065.19333999998,76484,1779189600000,2026-05-19 11:20:00+00:00,76886.64492248335,stop_loss,76925.10747622146,77179.03878566778,0.24517658404729342,-0.33145321690451957,491.1671627752855,613.429571335404
bot01_ema_rsi_atr,76546,1779208200000,2026-05-19 16:30:00+00:00,76801.08135,76552,1779210000000,2026-05-19 17:00:00+00:00,76910.56524383473,take_profit,76638.4734908556,76949.03976371659,0.2454238628093131,0.042412591096797694,490.7436570683232,613.3588676620133
bot01_ema_rsi_atr,76649,1779239400000,2026-05-20 01:10:00+00:00,76908.435,76652,1779240300000,2026-05-20 01:25:00+00:00,76739.80062547716,stop_loss,76778.18972033732,77007.71541949401,0.24495216625924748,-0.3190471567238601,490.6870941296106,612.8452064637286
bot01_ema_rsi_atr,76867,1779305100000,2026-05-20 19:25:00+00:00,77600.13067500001,76873,1779306900000,2026-05-20 19:55:00+00:00,77654.99861089016,take_profit,77473.01964422868,77693.84553365699,0.2451020905271371,-0.02936472209843852,490.27616517098284,612.6866813561398
bot01_ema_rsi_atr,77016,1779350100000,2026-05-21 07:55:00+00:00,77917.169115,77017,1779350400000,2026-05-21 08:00:00+00:00,77942.42754023749,take_profit,77809.43783375855,77981.41824936216,0.2449918184375185,-0.0676153958121644,490.1493450849119,612.481372769036
bot01_ema_rsi_atr,77159,1779393000000,2026-05-21 19:50:00+00:00,77742.101625,77183,1779400500000,2026-05-21 21:55:00+00:00,77630.46535000001,time_stop,77585.38160529801,77880.05259205298,0.24469432626432613,-0.24345462290552705,489.98509821522885,612.0609518740373
bot01_ema_rsi_atr,77230,1779414600000,2026-05-22 01:50:00+00:00,77638.789995,77236,1779416400000,2026-05-22 02:20:00+00:00,77685.45621455454,take_profit,77517.10441750573,77724.31837374141,0.24477547307468142,-0.039953271633960064,489.64876149922986,611.8896809164039
bot01_ema_rsi_atr,77771,1779577800000,2026-05-23 23:10:00+00:00,76709.685675,77790,1779583500000,2026-05-24 00:45:00+00:00,76840.01651377225,take_profit,76533.2795055713,76878.45574164306,0.24484120834956213,0.0697315101577965,489.5117447331231,611.8525536272382
bot01_ema_rsi_atr,77853,1779602400000,2026-05-24 06:00:00+00:00,76861.23141000001,77857,1779603600000,2026-05-24 06:20:00+00:00,76731.83523213584,stop_loss,76770.22034230699,76901.71948653953,0.2444128457272608,-0.26818203314587624,489.4820429017906,611.4023355686019
bot01_ema_rsi_atr,78011,1779650100000,2026-05-24 19:15:00+00:00,76749.35549999999,78013,1779650700000,2026-05-24 19:25:00+00:00,76599.974111308,stop_loss,76638.29325793695,76820.06011309456,0.24420089072710696,-0.2944407302590367,489.1218684548815,610.9203716446547
bot01_ema_rsi_atr,78046,1779660600000,2026-05-24 22:10:00+00:00,77017.58955,78047,1779660900000,2026-05-24 22:15:00+00:00,76780.49179294996,stop_loss,76818.90124357174,77219.3981346424,0.24387019846867855,-0.4075409924887573,488.73629731572373,610.3007353313316
bot01_ema_rsi_atr,78093,1779674700000,2026-05-25 02:05:00+00:00,77436.71901,78095,1779675300000,2026-05-25 02:15:00+00:00,77228.74761178739,stop_loss,77267.3813024386,77593.9780463421,0.24367074549220158,-0.3683009165039271,488.24058826506524,609.7295760925746
bot01_ema_rsi_atr,78122,1779683400000,2026-05-25 04:30:00+00:00,77175.26835,78124,1779684000000,2026-05-25 04:40:00+00:00,77208.27113586049,take_profit,77063.23694456529,77246.89458315205,0.24382198062018,-0.05727934119373466,487.78366087405965,609.5378502103231
bot01_ema_rsi_atr,78236,1779717900000,2026-05-25 14:05:00+00:00,77498.74000499999,78238,1779718500000,2026-05-25 14:15:00+00:00,77513.61249682095,take_profit,77398.42420588896,77552.38869116653,0.24371660394269246,-0.08082856659581997,487.6302801682585,609.3175050349856
bot01_ema_rsi_atr,78477,1779790500000,2026-05-26 10:15:00+00:00,76935.26841,78479,1779791100000,2026-05-26 10:25:00+00:00,76968.84604399405,take_profit,76823.13352076436,77007.34971885348,0.24365827144188312,-0.056399636924258756,487.4540040279885,609.1269796924396
bot01_ema_rsi_atr,78521,1779803700000,2026-05-26 13:55:00+00:00,77272.77708,78525,1779804900000,2026-05-26 14:15:00+00:00,77420.38254345609,take_profit,77084.19193366278,77459.11209950583,0.24376144307386896,0.09082769322496058,487.30158375395166,609.1156948421973
bot01_ema_rsi_atr,78758,1779875100000,2026-05-27 09:45:00+00:00,75959.86094999999,78765,1779877500000,2026-05-27 10:25:00+00:00,75986.7588501559,take_profit,75853.3191761508,76024.77123577378,0.24356755005639416,-0.06462473480114486,487.2925558737578,608.9152225506245
bot01_ema_rsi_atr,78825,1779895500000,2026-05-27 15:25:00+00:00,75393.667995,78828,1779896400000,2026-05-27 15:40:00+00:00,75164.37744815939,stop_loss,75201.97843737807,75587.00734393291,0.24307430438392671,-0.40382028409727927,487.13217804049964,608.3021466544276
bot01_ema_rsi_atr,78868,1779908400000,2026-05-27 19:00:00+00:00,75085.90419,78881,1779912300000,2026-05-27 20:05:00+00:00,75168.35153536257,take_profit,74943.33032492075,75205.95451261888,0.243332652693203,0.00969422144638294,486.6417173235421,608.1922684624973
bot01_ema_rsi_atr,79079,1779972000000,2026-05-28 12:40:00+00:00,73520.56191,79084,1779973500000,2026-05-28 13:05:00+00:00,73359.21095772942,stop_loss,73395.9089121855,73615.68663172175,0.24288858362115237,-0.3192442455970811,486.5538147699978,607.682694568722
bot01_ema_rsi_atr,79314,1780042800000,2026-05-29 08:20:00+00:00,73811.8875,79320,1780044600000,2026-05-29 08:50:00+00:00,73656.05327750821,stop_loss,73692.89972737189,73898.15040894217,0.24269520571533942,-0.3109123523894274,486.14615565497763,607.183663789771
bot01_ema_rsi_atr,79394,1780067100000,2026-05-29 15:05:00+00:00,73707.53534999999,79399,1780068600000,2026-05-29 15:30:00+00:00,73957.41665903534,take_profit,73454.89075602111,73994.41386596832,0.24316330864528177,0.23867830004210555,485.7469310318168,607.351780343257
bot01_ema_rsi_atr,79708,1780161600000,2026-05-30 17:20:00+00:00,74045.394195,79709,1780161900000,2026-05-30 17:25:00+00:00,73916.22773434865,stop_loss,73953.20433651691,74091.16849522464,0.2426075580399038,-0.27426781988746063,485.8814242746056,606.8974890438867
bot01_ema_rsi_atr,79762,1780178100000,2026-05-30 21:55:00+00:00,74021.39219999999,79763,1780178400000,2026-05-30 22:00:00+00:00,73912.54749370783,stop_loss,73949.52225483523,74036.71661774714,0.24245931220136735,-0.2468978876972071,485.5179912351094,606.4767258133068
bot01_ema_rsi_atr,79944,1780232700000,2026-05-31 13:05:00+00:00,73965.44424,79947,1780233600000,2026-05-31 13:20:00+00:00,73959.97692160128,take_profit,73882.81639379605,73996.97540930593,0.2424604381339081,-0.10738432809597365,485.1813806506454,606.2253085289209
bot01_ema_rsi_atr,80027,1780257900000,2026-05-31 20:05:00+00:00,73725.894525,80028,1780258200000,2026-05-31 20:10:00+00:00,73595.96738523012,stop_loss,73632.78377711868,73773.449334322,0.24215542185461125,-0.2760537643745847,484.9802468231367,605.769696611815
bot01_ema_rsi_atr,80107,1780281900000,2026-06-01 02:45:00+00:00,73836.9,80110,1780282800000,2026-06-01 03:00:00+00:00,73947.73112605077,take_profit,73676.85100813689,73984.72348779466,0.24236839809490218,0.0499525236361879,484.615757289452,605.7090016032187
bot01_ema_rsi_atr,80307,1780342200000,2026-06-01 19:30:00+00:00,71679.14166000001,80309,1780342800000,2026-06-01 19:40:00+00:00,71501.711202184,stop_loss,71537.47994215507,71802.08008676741,0.2418628912073544,-0.34728676049019414,484.56720128257496,605.167571078399
bot01_ema_rsi_atr,81081,1780575600000,2026-06-04 12:20:00+00:00,63331.14975,81084,1780576500000,2026-06-04 12:35:00+00:00,63677.563449664885,take_profit,63026.22122750383,63709.41815874425,0.2426073715057705,0.44644087045842656,484.13405686271915,605.5863402955198
bot01_ema_rsi_atr,81154,1780597500000,2026-06-04 18:25:00+00:00,63928.778415,81161,1780599900000,2026-06-04 19:05:00+00:00,63625.65120279921,stop_loss,63657.47994277059,64255.85508584413,0.24153969873871134,-0.5736897724257742,484.46907223641585,604.7710804853436
bot01_ema_rsi_atr,81185,1780607100000,2026-06-04 21:05:00+00:00,63881.935005,81187,1780607700000,2026-06-04 21:15:00+00:00,63643.96997677261,stop_loss,63675.807880712964,64111.313178930555,0.24133736495982858,-0.4721350381458452,483.8168643882749,604.0796301021719
bot01_ema_rsi_atr,81273,1780633500000,2026-06-05 04:25:00+00:00,63271.289834999996,81276,1780634400000,2026-06-05 04:40:00+00:00,62979.05084218412,stop_loss,63010.55612024424,63583.34081963363,0.24095356656580366,-0.5614205820434559,483.2637040817375,603.2812069865614
bot01_ema_rsi_atr,81460,1780689900000,2026-06-05 20:05:00+00:00,60913.501529999994,81469,1780692600000,2026-06-05 20:50:00+00:00,61464.57033214869,take_profit,60474.88800590383,61495.31799114426,0.242282281031459,0.8037696397660141,482.62496558924914,604.1293791837617
bot01_ema_rsi_atr,81753,1780778100000,2026-06-06 20:35:00+00:00,60708.929294999994,81760,1780780200000,2026-06-06 21:10:00+00:00,60789.15486363612,take_profit,60584.60690269393,60819.56464595909,0.2416904349733826,0.03201574133854983,483.3035033470093,604.0471979245029
bot01_ema_rsi_atr,81868,1780812900000,2026-06-07 06:15:00+00:00,61873.861469999996,81871,1780813800000,2026-06-07 06:30:00+00:00,62001.09245132908,take_profit,61716.82766294542,62032.10850558187,0.2417462412922271,0.1054239824831029,483.23775833960235,604.0536232452215
bot01_ema_rsi_atr,81930,1780831500000,2026-06-07 11:25:00+00:00,62556.2625,81934,1780832700000,2026-06-07 11:45:00+00:00,62664.87295626725,take_profit,62410.8526221329,62696.22106680065,0.2417101809293018,0.07344681647340057,483.2428985961772,604.0214554201544
bot01_ema_rsi_atr,81966,1780842600000,2026-06-07 14:30:00+00:00,62279.814345,81968,1780843200000,2026-06-07 14:40:00+00:00,62067.73513526225,stop_loss,62098.78452752601,62473.54820871099,0.24107681874396458,-0.4401858736353444,483.2171643361236,603.3694194683973
bot01_ema_rsi_atr,81978,1780846200000,2026-06-07 15:30:00+00:00,62092.520744999994,81989,1780849500000,2026-06-07 16:25:00+00:00,62257.21097184451,take_profit,61910.24656705385,62288.35514941922,0.24154684151984696,0.16496836437570872,482.69553557471784,603.4476202432592
bot01_ema_rsi_atr,82118,1780888200000,2026-06-08 03:10:00+00:00,63313.991174999996,82123,1780889700000,2026-06-08 03:35:00+00:00,63073.72680262036,stop_loss,63105.279442341525,63547.95583648771,0.24080082312464418,-0.4791012121535999,482.75809619460733,602.7492839715237
bot01_ema_rsi_atr,82214,1780917300000,2026-06-08 11:15:00+00:00,63590.699459999996,82218,1780918500000,2026-06-08 11:35:00+00:00,63745.096384879325,take_profit,63413.54341512134,63776.984877317984,0.24127156363957525,0.14255516807370763,482.199427177219,602.8004123156442
bot01_ema_rsi_atr,82402,1780974000000,2026-06-09 03:00:00+00:00,62904.346455,82408,1780975800000,2026-06-09 03:30:00+00:00,62712.14632106581,stop_loss,62743.51808010586,63066.99787984122,0.2406316097268102,-0.4052379439910501,482.24032985251534,602.191785588933
bot01_ema_rsi_atr,82511,1781006700000,2026-06-09 12:05:00+00:00,62846.397495,82514,1781007600000,2026-06-09 12:20:00+00:00,62675.455631313474,stop_loss,62706.809035831386,62977.261446252916,0.2404290117855618,-0.37172746351359987,481.75342847114644,601.6240924842539
bot01_ema_rsi_atr,82665,1781053200000,2026-06-10 01:00:00+00:00,62004.25663499999,82666,1781053500000,2026-06-10 01:05:00+00:00,61804.51397346456,stop_loss,61835.43168930922,62180.02746603617,0.24014208125270253,-0.42182132276585294,481.2992739874031,600.996719480499
bot01_ema_rsi_atr,82732,1781073300000,2026-06-10 06:35:00+00:00,61458.974129999995,82740,1781075700000,2026-06-10 07:15:00+00:00,61580.39015922266,take_profit,61306.3028285992,61611.19575710121,0.2405157122733082,0.09735866878753656,480.7973755843992,600.9934275932304
bot01_ema_rsi_atr,83105,1781185800000,2026-06-11 13:50:00+00:00,63191.03973,83106,1781186100000,2026-06-11 13:55:00+00:00,62976.978283275195,stop_loss,63008.48252453746,63385.926213193816,0.23987040305786966,-0.4384140950865663,480.79474207458435,600.3467878962687
bot01_ema_rsi_atr,83149,1781199000000,2026-06-11 17:30:00+00:00,63312.28032,83152,1781199900000,2026-06-11 17:45:00+00:00,63545.219048886305,take_profit,63083.061631558245,63577.00755266263,0.24045996357668914,0.2675523752757898,480.27743031701493,600.5476457084529
bot01_ema_rsi_atr,83222,1781221200000,2026-06-11 23:40:00+00:00,63664.156169999995,83224,1781221800000,2026-06-11 23:50:00+00:00,63515.846782219116,stop_loss,63547.62059251537,63759.41911122693,0.23981942635995218,-0.33272291239903323,480.43811656676235,600.0283038878057
bot01_ema_rsi_atr,83252,1781230200000,2026-06-12 02:10:00+00:00,63698.783475,83255,1781231100000,2026-06-12 02:25:00+00:00,63542.60833750298,stop_loss,63574.39553527061,63805.78169709408,0.23959738314319368,-0.34493240506036993,480.02264311024453,599.4947737535114
bot01_ema_rsi_atr,83277,1781237700000,2026-06-12 04:15:00+00:00,63706.837499999994,83279,1781238300000,2026-06-12 04:25:00+00:00,63769.65148571302,take_profit,63590.63182543738,63801.552261843935,0.23979611089811906,-0.001500099220414376,479.5958190028091,599.3730779940785
bot01_ema_rsi_atr,83324,1781251800000,2026-06-12 08:10:00+00:00,63331.660005,83325,1781252100000,2026-06-12 08:15:00+00:00,63409.27674532382,take_profit,63206.01850403615,63440.997243945785,0.2397761231855403,0.022433429942276647,479.4984623952628,599.2800684744007
bot01_ema_rsi_atr,83398,1781274300000,2026-06-12 14:25:00+00:00,63663.225705,83402,1781275500000,2026-06-12 14:45:00+00:00,63440.42156168116,stop_loss,63472.15764050141,63870.288539247886,0.23917312707315708,-0.44962309356880104,479.42405477952053,598.6218510444193
bot01_ema_rsi_atr,83638,1781346600000,2026-06-13 10:30:00+00:00,63877.28268,83642,1781347800000,2026-06-13 10:50:00+00:00,63876.70463983647,take_profit,63803.16068711925,63908.65896932113,0.23932793371772043,-0.10090401798438353,478.8974808355354,598.3814407808632
bot01_ema_rsi_atr,83732,1781374800000,2026-06-13 18:20:00+00:00,64152.03999,83734,1781375400000,2026-06-13 18:30:00+00:00,64185.978805264116,take_profit,64054.57476720754,64218.087849188705,0.23929614991872752,-0.047149184259551974,478.7051526246905,598.2053945254829
bot01_ema_rsi_atr,83873,1781417400000,2026-06-14 06:10:00+00:00,64507.26751499999,83875,1781418000000,2026-06-14 06:20:00+00:00,64401.84920693669,stop_loss,64434.066240056716,64536.47563991492,0.23896719381282777,-0.2632574030991876,478.5643156203863,597.7711044132097
bot01_ema_rsi_atr,83914,1781429700000,2026-06-14 09:35:00+00:00,64532.239994999996,83915,1781430000000,2026-06-14 09:40:00+00:00,64543.81638020655,take_profit,64449.247045051496,64576.104432422755,0.239010312830559,-0.08207902155227059,478.21688353056777,597.5535193865369
bot01_ema_rsi_atr,84124,1781493000000,2026-06-15 03:10:00+00:00,65762.854995,84130,1781494800000,2026-06-15 03:40:00+00:00,65851.34137349062,take_profit,65627.12765650118,65884.28351524824,0.23906254236196053,0.034419182559592525,478.0428155092295,597.475102155398
bot01_ema_rsi_atr,84150,1781500800000,2026-06-15 05:20:00+00:00,65859.50329499999,84151,1781501100000,2026-06-15 05:25:00+00:00,65719.94521898744,stop_loss,65752.82162980235,65937.24255529647,0.23861758586153098,-0.31169081295989115,477.9800817243184,596.9835245893394
bot01_ema_rsi_atr,84496,1781605200000,2026-06-16 10:20:00+00:00,66737.9523,84498,1781605800000,2026-06-16 10:30:00+00:00,66564.46488846057,stop_loss,66597.76377034574,66864.8543444814,0.23836394800679017,-0.35969320027801654,477.5868196714715,596.435095517305
bot01_ema_rsi_atr,84519,1781612100000,2026-06-16 12:15:00+00:00,66698.92279499999,84520,1781612400000,2026-06-16 12:20:00+00:00,66540.7085250183,stop_loss,66573.99552277969,66802.98171583046,0.2381720774211814,-0.336969427823431,477.14807641384397,595.9142496732467
bot01_ema_rsi_atr,84584,1781631900000,2026-06-16 17:45:00+00:00,65981.004015,84587,1781632800000,2026-06-16 18:00:00+00:00,66071.39170635345,take_profit,65843.75404778827,66104.4439283176,0.23840962290343662,0.036853485347945136,476.73139973859736,595.8389459344158
bot01_ema_rsi_atr,84637,1781647800000,2026-06-16 22:10:00+00:00,65875.44126,84639,1781648400000,2026-06-16 22:20:00+00:00,65743.1649946796,stop_loss,65776.0530211902,65942.22046821471,0.23797736388175922,-0.3005967421660846,476.6711567475327,595.3619218677138
bot01_ema_rsi_atr,84665,1781656200000,2026-06-17 00:30:00+00:00,65837.9025,84669,1781657400000,2026-06-17 00:50:00+00:00,65705.71895487513,stop_loss,65738.58824899963,65904.61762650055,0.23778687237400625,-0.3005704261002898,476.28953749417104,594.8853110066341
bot01_ema_rsi_atr,84811,1781700300000,2026-06-17 12:45:00+00:00,65051.44947,84818,1781702400000,2026-06-17 13:20:00+00:00,64882.06625848673,stop_loss,64914.523520246854,65175.56471962973,0.23752566055208388,-0.3601230713234013,475.90824880530727,594.3382985577135
bot01_ema_rsi_atr,85094,1781785500000,2026-06-18 12:25:00+00:00,64234.31110499999,85098,1781786700000,2026-06-18 12:45:00+00:00,64304.725046723644,take_profit,64112.42100435308,64336.89349347038,0.23774662472513608,0.009510830850104028,475.4706388461708,594.2307248947506
bot01_ema_rsi_atr,85229,1781826300000,2026-06-18 23:45:00+00:00,62952.710625,85233,1781827500000,2026-06-19 00:05:00+00:00,62821.86688694122,stop_loss,62853.29353370807,63023.18469943789,0.23732667566847082,-0.3076366418903881,475.38457991580043,593.7466300746316
bot01_ema_rsi_atr,85386,1781873700000,2026-06-19 12:55:00+00:00,62859.414,85390,1781874900000,2026-06-19 13:15:00+00:00,62675.29855661805,stop_loss,62706.65188255933,63010.02217616101,0.23703243332994678,-0.39260744928129404,474.9973040597053,593.1621282674107
bot01_ema_rsi_atr,85498,1781907300000,2026-06-19 22:15:00+00:00,63221.344874999995,85499,1781907600000,2026-06-19 22:20:00+00:00,63244.76252343688,take_profit,63131.98285080082,63276.400723798775,0.23719011725693406,-0.06299630949847422,474.5297026139286,592.9688365257771
bot01_ema_rsi_atr,85569,1781928900000,2026-06-20 04:15:00+00:00,63529.638945,85574,1781930400000,2026-06-20 04:40:00+00:00,63549.86745361943,take_profit,63442.04447815946,63581.65828276081,0.23710666459067525,-0.06819078394527169,474.37506922062164,592.7694536088559
bot01_ema_rsi_atr,85633,1781948100000,2026-06-20 09:35:00+00:00,63674.341259999994,85636,1781949000000,2026-06-20 09:50:00+00:00,63700.30016760048,take_profit,63582.755832849434,63732.16625072584,0.23703751155395186,-0.05927252927989781,474.21556288708473,592.5807000984332
bot01_ema_rsi_atr,85750,1781983200000,2026-06-20 19:20:00+00:00,63946.76740499999,85752,1781983800000,2026-06-20 19:30:00+00:00,63820.216210032064,stop_loss,63852.142281172644,64008.81157824103,0.23667945399767493,-0.2977029471595712,474.0645600787466,592.1097107427569
bot01_ema_rsi_atr,85921,1782034800000,2026-06-21 09:40:00+00:00,64171.459695,85925,1782036000000,2026-06-21 10:00:00+00:00,64202.490331814115,take_profit,64075.91157624538,64234.607635631924,0.23678266899458505,-0.051692533838811984,473.6877685942055,591.9301347133932
bot01_ema_rsi_atr,85984,1782054000000,2026-06-21 15:00:00+00:00,64251.20954999999,85992,1782056400000,2026-06-21 15:40:00+00:00,64286.40326626333,take_profit,64152.79163497526,64318.5625475371,0.23671844917267587,-0.045279594277958475,473.5441077707145,591.7581975784817
bot01_ema_rsi_atr,86098,1782088200000,2026-06-22 00:30:00+00:00,63763.735935,86099,1782088500000,2026-06-22 00:35:00+00:00,63895.37774882135,take_profit,63601.55572031259,63927.34141953111,0.23682902294622077,0.10624602696051295,473.4065580627854,591.7654641098793
bot01_ema_rsi_atr,86224,1782126300000,2026-06-22 11:05:00+00:00,64368.958394999994,86225,1782126600000,2026-06-22 11:10:00+00:00,64228.334398612584,stop_loss,64260.46463092804,64451.27805360793,0.23632953038146423,-0.31824708041560185,473.41237128790345,591.2708324098323
bot01_ema_rsi_atr,86388,1782175800000,2026-06-23 00:50:00+00:00,64132.4502,86390,1782176400000,2026-06-23 01:00:00+00:00,64198.89566715199,take_profit,64013.3258848411,64231.011172738356,0.2365124754290587,0.003503018328221296,473.01666592786586,591.156716566011
bot01_ema_rsi_atr,86400,1782179400000,2026-06-23 01:50:00+00:00,64140.244095,86413,1782183300000,2026-06-23 02:55:00+00:00,64227.88967370447,take_profit,64006.97021096917,64260.01968354624,0.23650585304821126,0.03651013394348634,472.9253732528088,591.0816084780829
bot01_ema_rsi_atr,86514,1782213600000,2026-06-23 11:20:00+00:00,62595.77224499999,86519,1782215100000,2026-06-23 11:45:00+00:00,62440.79581860287,stop_loss,62472.03183452012,62703.17724821981,0.23602203635881214,-0.3473353142201948,472.86528678246634,590.5531957309987
bot01_ema_rsi_atr,86570,1782230700000,2026-06-23 16:05:00+00:00,62751.370005,86579,1782233400000,2026-06-23 16:50:00+00:00,62529.91646351486,stop_loss,62561.19706204588,62958.229406931176,0.2356867645802273,-0.45255339911467,472.442556584799,589.9011058933925
bot01_ema_rsi_atr,86999,1782360000000,2026-06-25 04:00:00+00:00,60905.25741,87002,1782360900000,2026-06-25 04:15:00+00:00,60765.766948915574,stop_loss,60796.16503143129,60992.80245285307,0.23557252389053673,-0.3287995758482088,471.92088471471396,589.3955951238603
bot01_ema_rsi_atr,87145,1782403800000,2026-06-25 16:10:00+00:00,59789.890005,87149,1782405000000,2026-06-25 16:30:00+00:00,59396.87847788098,stop_loss,59426.59177376786,60260.13733934822,0.23486628952301725,-0.7566637195001815,471.5164760990882,588.3866594268351
bot01_ema_rsi_atr,87387,1782477000000,2026-06-26 12:30:00+00:00,59914.932494999994,87388,1782477300000,2026-06-26 12:35:00+00:00,59706.03297307273,stop_loss,59735.90092353449,60108.62361469826,0.23482710271518423,-0.4483115372328061,470.70932754146804,587.7419486004554
bot01_ema_rsi_atr,87551,1782526200000,2026-06-27 02:10:00+00:00,60145.71783,87553,1782526800000,2026-06-27 02:20:00+00:00,60172.859044766505,take_profit,60057.45964998066,60202.96052502902,0.235032222614945,-0.0549193616270839,470.1935588803643,587.5599079423234
bot01_ema_rsi_atr,87603,1782542100000,2026-06-27 06:35:00+00:00,60430.18999499999,87609,1782543900000,2026-06-27 07:05:00+00:00,60301.07323343115,stop_loss,60331.238852857576,60503.11672071363,0.23465562302910503,-0.31344901417312765,470.04792635385877,587.0744241530584
bot01_ema_rsi_atr,87656,1782558000000,2026-06-27 11:00:00+00:00,60465.2175,87657,1782558300000,2026-06-27 11:05:00+00:00,60361.6501961749,stop_loss,60391.84611923451,60499.73082114823,0.23451144286025208,-0.27111281625882444,469.65953932244673,586.6390007940574
bot01_ema_rsi_atr,87778,1782594900000,2026-06-27 21:15:00+00:00,60417.823814999996,87781,1782595800000,2026-06-27 21:30:00+00:00,60430.72989723219,take_profit,60338.743081719396,60460.960377420895,0.23456331029438526,-0.07865997923155094,469.31120063524594,586.4294752606841
bot01_ema_rsi_atr,87849,1782616200000,2026-06-28 03:10:00+00:00,60291.420645,87850,1782616500000,2026-06-28 03:15:00+00:00,60176.27062882333,stop_loss,60206.3738157312,60343.66427640321,0.23423072498664727,-0.2907980686635757,469.14358020854723,585.9714653131232
bot01_ema_rsi_atr,87895,1782630000000,2026-06-28 07:00:00+00:00,60154.80237,87902,1782632100000,2026-06-28 07:35:00+00:00,60193.5163047458,take_profit,60058.8145874632,60223.628118805194,0.23434673935197592,-0.03570717667199339,468.77717225049855,585.8124660935605
bot01_ema_rsi_atr,88053,1782677700000,2026-06-28 20:15:00+00:00,59717.73394499999,88071,1782683100000,2026-06-28 21:45:00+00:00,59562.334816300376,stop_loss,59592.13088174124,59831.52867738814,0.2339032453674321,-0.359962525895399,468.6499728748484,585.2739842714196
bot01_ema_rsi_atr,88118,1782697200000,2026-06-29 01:40:00+00:00,59578.964595,88122,1782698400000,2026-06-29 02:00:00+00:00,59338.71597261779,stop_loss,59368.40017270414,59820.3747409438,0.23352099443918442,-0.5028407935440377,468.2191874171357,584.5689188044513
bot01_ema_rsi_atr,88129,1782700500000,2026-06-29 02:35:00+00:00,59681.34576,88134,1782702000000,2026-06-29 03:00:00+00:00,59905.56273222462,take_profit,59462.1796683511,59935.53049747335,0.23414944814216893,0.27531451812959196,467.655135043561,584.7735637604584
bot01_ema_rsi_atr,88167,1782712200000,2026-06-29 05:50:00+00:00,60024.687345,88169,1782712800000,2026-06-29 06:00:00+00:00,60156.44617440019,take_profit,59866.79037058517,60186.539444122245,0.2340489387033843,0.11928822355083143,467.8188510083667,584.7959827337081
bot01_ema_rsi_atr,88329,1782760800000,2026-06-29 19:20:00+00:00,60426.17799,88349,1782766800000,2026-06-29 21:00:00+00:00,60250.6258001896,stop_loss,60280.76618328124,60568.80072507815,0.2334619798505037,-0.39023288159910907,467.8367861869665,584.2230667074248
bot01_ema_rsi_atr,88517,1782817500000,2026-06-30 11:05:00+00:00,59424.78754499999,88519,1782818100000,2026-06-30 11:15:00+00:00,59304.56280079519,stop_loss,59334.229915753065,59486.38012637039,0.2333362252953815,-0.302111819700902,467.37845336593983,583.7535737078824
bot01_ema_rsi_atr,88588,1782839100000,2026-06-30 17:05:00+00:00,58572.541634999994,88591,1782840000000,2026-06-30 17:20:00+00:00,58347.91440348233,stop_loss,58377.10295495981,58792.52056756028,0.23293738446106274,-0.4831191169482229,467.00285896630595,583.0733420160727
bot01_ema_rsi_atr,88671,1782864000000,2026-07-01 00:00:00+00:00,58756.62363,88672,1782864300000,2026-07-01 00:05:00+00:00,58633.38795282007,stop_loss,58662.71931247631,58824.071031285544,0.2328683800425277,-0.30952946901444844,466.4586736128582,582.596131540532
bot01_ema_rsi_atr,88691,1782870000000,2026-07-01 01:40:00+00:00,58934.462504999996,88693,1782870600000,2026-07-01 01:50:00+00:00,58691.721147120115,stop_loss,58721.08168796409,59180.90246805387,0.23244248978463672,-0.5114716690619225,466.07690523242564,581.8842454454795
bot01_ema_rsi_atr,88777,1782896100000,2026-07-01 08:55:00+00:00,59010.84067499999,88783,1782897900000,2026-07-01 09:25:00+00:00,58849.104299616185,stop_loss,58878.54357140188,59135.55964289718,0.23231867568424452,-0.37380501135086497,465.50739635638354,581.333281124937
bot01_ema_rsi_atr,88878,1782926400000,2026-07-01 17:20:00+00:00,60187.41866999999,88888,1782929400000,2026-07-01 18:10:00+00:00,59993.123756851805,stop_loss,60023.135324514056,60358.64701322891,0.2320420931815249,-0.422493674798159,465.0666248999496,580.7262864195305
bot01_ema_rsi_atr,89258,1783041000000,2026-07-03 01:10:00+00:00,61662.19568999999,89259,1783041300000,2026-07-03 01:15:00+00:00,61507.22160598343,stop_loss,61537.99060128407,61771.464098073884,0.2318827561891601,-0.35107621971632963,464.5810291356244,580.2027905419732
bot01_ema_rsi_atr,89300,1783053600000,2026-07-03 04:40:00+00:00,61532.751,89301,1783053900000,2026-07-03 04:45:00+00:00,61397.432247684555,stop_loss,61428.14632084497,61612.780518732536,0.2317101421342936,-0.3196934662698958,464.16223243357854,579.7161468754516
bot01_ema_rsi_atr,89304,1783054800000,2026-07-03 05:00:00+00:00,61568.20872,89309,1783056300000,2026-07-03 05:25:00+00:00,61627.386873384785,take_profit,61456.92267908302,61658.21598137547,0.23188184643408336,-0.003978081447412433,463.7729175003613,579.5955959422953
bot01_ema_rsi_atr,89365,1783073400000,2026-07-03 10:10:00+00:00,61754.571854999995,89370,1783074900000,2026-07-03 10:35:00+00:00,61805.295207711024,take_profit,61648.70779042119,61836.21331436821,0.23181743653222026,-0.017945136957144926,463.67647675383625,579.4588957802537
bot01_ema_rsi_atr,89569,1783134900000,2026-07-04 03:15:00+00:00,62586.2775,89572,1783135800000,2026-07-04 03:30:00+00:00,62607.58248133564,take_profit,62499.06537846548,62638.901932301786,0.23170707777800123,-0.06599306237009493,463.5671166242029,579.2665999475314
bot01_ema_rsi_atr,89783,1783199400000,2026-07-04 21:10:00+00:00,63383.085705,89793,1783202400000,2026-07-04 22:00:00+00:00,63242.98915149357,stop_loss,63274.62646472593,63466.58530291111,0.23133497045803486,-0.3208104187358532,463.4132799580251,578.7794487760851
bot01_ema_rsi_atr,89868,1783224900000,2026-07-05 04:15:00+00:00,62851.409999999996,89871,1783225800000,2026-07-05 04:30:00+00:00,62875.05951658138,take_profit,62762.32481802143,62906.51277296786,0.23143953630024042,-0.06240996492394295,463.0235590208681,578.5915219193465
bot01_ema_rsi_atr,89905,1783236000000,2026-07-05 07:20:00+00:00,62817.603104999995,89906,1783236300000,2026-07-05 07:25:00+00:00,62709.21063024278,stop_loss,62740.58092070313,62854.65361894531,0.2311214169117685,-0.2723785641764543,462.87321753547724,578.1609269508485
bot01_ema_rsi_atr,89967,1783254900000,2026-07-05 12:35:00+00:00,62761.365,89977,1783257900000,2026-07-05 13:25:00+00:00,62638.566286147776,stop_loss,62669.901236766156,62820.14814485076,0.23092271922519547,-0.2954640647767358,462.52874156067884,577.7039848618696
bot01_ema_rsi_atr,89995,1783263300000,2026-07-05 14:55:00+00:00,62846.397495,89996,1783263600000,2026-07-05 15:00:00+00:00,62865.53425702181,take_profit,62760.32816773599,62896.98274839601,0.23100120020069784,-0.0695803959784506,462.16318788949565,577.5081307145912
bot01_ema_rsi_atr,90024,1783272000000,2026-07-05 17:20:00+00:00,62824.5966,90025,1783272300000,2026-07-05 17:25:00+00:00,62708.2783583133,stop_loss,62739.6481824045,62873.52772639325,0.23067411600312288,-0.2849624665079212,462.00650457167296,577.0638219420174
bot01_ema_rsi_atr,90038,1783276200000,2026-07-05 18:30:00+00:00,62754.56159999999,90042,1783277400000,2026-07-05 18:50:00+00:00,62765.63735182895,take_profit,62673.976086824114,62797.03586976383,0.2307304652080876,-0.0823683318072551,461.6510575536139,576.8534406724783
bot01_ema_rsi_atr,90071,1783286100000,2026-07-05 21:15:00+00:00,62930.20938,90074,1783287000000,2026-07-05 21:30:00+00:00,62951.74341277332,take_profit,62842.443313141026,62983.23503028846,0.23066544469615047,-0.0658153072228858,461.48275253798266,576.6622143430758
bot01_ema_rsi_atr,90113,1783298700000,2026-07-06 00:45:00+00:00,63726.847499999996,90122,1783301400000,2026-07-06 01:30:00+00:00,63862.54373314021,take_profit,63562.00601424698,63894.490978629525,0.23079488989096764,0.1127212348093652,461.32977147446064,576.6767560497908
bot01_ema_rsi_atr,90198,1783324500000,2026-07-06 07:55:00+00:00,63127.70808,90200,1783325100000,2026-07-06 08:05:00+00:00,63158.52898455635,take_profit,63033.51730228025,63190.124046579636,0.23061162105320496,-0.05122572228857408,461.34140483983265,576.5023984132362
bot01_ema_rsi_atr,90276,1783347900000,2026-07-06 14:25:00+00:00,62111.03999999999,90284,1783350300000,2026-07-06 15:05:00+00:00,62372.28556176901,take_profit,61864.341796385525,62403.48730542172,0.2309701398546689,0.32018989894106514,461.20191873058894,576.7559092424386
bot01_ema_rsi_atr,90349,1783369800000,2026-07-06 20:30:00+00:00,63914.82143999999,90352,1783370700000,2026-07-06 20:45:00+00:00,63760.94379703179,stop_loss,63792.84021714036,64017.93967428946,0.23030957736614338,-0.3405134863273424,461.4047273939509,576.2481645160889
bot01_ema_rsi_atr,90396,1783384200000,2026-07-07 00:30:00+00:00,64240.82436,90397,1783384500000,2026-07-07 00:35:00+00:00,64089.23150293421,stop_loss,64121.29214900872,64339.86177648693,0.23011232678784443,-0.33573991417056825,460.9985316128711,575.7463628036131
bot01_ema_rsi_atr,90500,1783415400000,2026-07-07 09:10:00+00:00,63281.625,90504,1783416600000,2026-07-07 09:30:00+00:00,63140.08031955074,stop_loss,63171.66615262705,63367.50077105943,0.22992609417210896,-0.3234505447178555,460.5970902428905,575.2591350326654
bot01_ema_rsi_atr,90531,1783424700000,2026-07-07 11:45:00+00:00,63442.605449999995,90532,1783425000000,2026-07-07 11:50:00+00:00,63299.582954148216,stop_loss,63331.24857843743,63530.37713234386,0.22972949327439482,-0.32521060152318665,460.20730802613235,574.7702966277262
bot01_ema_rsi_atr,90568,1783436100000,2026-07-07 14:55:00+00:00,63593.16069,90576,1783438500000,2026-07-07 15:35:00+00:00,63852.41955940836,take_profit,63346.05883981434,63884.361740278495,0.2302613447588166,0.30727588899301045,459.816237302181,575.0082154500191
bot01_ema_rsi_atr,90872,1783527600000,2026-07-08 16:20:00+00:00,61945.967505,90875,1783528500000,2026-07-08 16:35:00+00:00,61760.99019809664,stop_loss,61791.88614116722,62099.69578824918,0.2295452206961227,-0.3983121210941554,460.00657236001524,574.435606388528
bot01_ema_rsi_atr,90908,1783538400000,2026-07-08 19:20:00+00:00,62244.926909999995,90913,1783539900000,2026-07-08 19:45:00+00:00,62092.39667058864,stop_loss,62123.458399788535,62349.3624003172,0.22937810783336166,-0.3448034189071524,459.54848511082236,573.9249806799228
bot01_ema_rsi_atr,91011,1783569600000,2026-07-09 04:00:00+00:00,62061.015,91017,1783571400000,2026-07-09 04:30:00+00:00,62144.33148126256,take_profit,61933.05387276134,62175.41919085799,0.2296091512372364,0.03411505561309368,459.1399845439382,573.8493154900888
bot01_ema_rsi_atr,91078,1783589700000,2026-07-09 09:35:00+00:00,63007.70811,91079,1783590000000,2026-07-09 09:40:00+00:00,62859.29971775228,stop_loss,62890.74509029742,63104.43236455386,0.2291548976597939,-0.3353045179752325,459.079452392071,573.3501019192854
bot01_ema_rsi_atr,91083,1783591200000,2026-07-09 10:00:00+00:00,62986.33743,91088,1783592700000,2026-07-09 10:25:00+00:00,62839.802609974904,stop_loss,62871.238229089446,63080.29265636583,0.2289588629881345,-0.33241275993822783,458.6800815354283,572.8546352971014
bot01_ema_rsi_atr,91173,1783618500000,2026-07-09 17:35:00+00:00,63061.515,91178,1783620000000,2026-07-09 18:00:00+00:00,63178.65205995676,take_profit,62909.82854096598,63210.25718855103,0.22923988641025297,0.0855647186668441,458.2837082376811,572.8379986291629
bot01_ema_rsi_atr,91227,1783634700000,2026-07-09 22:05:00+00:00,63321.775064999994,91229,1783635300000,2026-07-09 22:15:00+00:00,63346.097049629476,take_profit,63231.692704932815,63377.78594260077,0.2290645934257473,-0.06162826670617575,458.2703989033304,572.6528956095451
bot01_ema_rsi_atr,91229,1783635300000,2026-07-09 22:15:00+00:00,63376.662495,91233,1783636500000,2026-07-09 22:35:00+00:00,63251.12783545959,stop_loss,63282.769220069626,63438.32116989556,0.22871999566587625,-0.2978790298254681,458.1223164876361,572.1975436150593
bot01_ema_rsi_atr,91266,1783646400000,2026-07-10 01:20:00+00:00,63361.34484,91271,1783647900000,2026-07-10 01:45:00+00:00,63453.112685942644,take_profit,63226.22992433374,63484.85511349939,0.22893015784040305,0.04468770877292521,457.7580348920475,572.1341933603212
bot01_ema_rsi_atr,91345,1783670100000,2026-07-10 07:55:00+00:00,64013.63082,91349,1783671300000,2026-07-10 08:15:00+00:00,64023.59150777223,take_profit,63932.320455046036,64055.619317430945,0.22875703781463075,-0.08445529966509643,457.70735468825694,571.9232236316808
bot01_ema_rsi_atr,91415,1783691400000,2026-07-10 13:50:00+00:00,64592.290004999995,91416,1783691700000,2026-07-10 13:55:00+00:00,64418.60907494328,stop_loss,64450.834492189366,64723.773261715956,0.2283476457674744,-0.3686191325825958,457.53857890534465,571.3876169454418
bot01_ema_rsi_atr,91484,1783712100000,2026-07-10 19:35:00+00:00,64069.45872,91488,1783713300000,2026-07-10 19:55:00+00:00,63929.83853599224,stop_loss,63961.8194457151,64150.87083142735,0.22819198467453464,-0.3177021105068479,457.11009355635343,570.9106403805142
bot01_ema_rsi_atr,91635,1783757700000,2026-07-11 08:15:00+00:00,64286.076974999996,91640,1783759200000,2026-07-11 08:40:00+00:00,64268.61213582413,take_profit,64222.741655278216,64300.762517082665,0.2282190847582598,-0.12714020695877787,456.72851230441137,570.6514320298861
bot01_ema_rsi_atr,91679,1783770900000,2026-07-11 11:55:00+00:00,64241.094495,91681,1783771500000,2026-07-11 12:05:00+00:00,64153.00955179962,stop_loss,64185.102102851044,64244.82184572343,0.22799010791271745,-0.23697907694275253,456.52114562390886,570.2671073091424
bot01_ema_rsi_atr,91695,1783775700000,2026-07-11 13:15:00+00:00,64223.98594499999,91698,1783776600000,2026-07-11 13:30:00+00:00,64192.4112654653,take_profit,64170.13431518072,64224.523527228914,0.22793677306255308,-0.1491142123787957,456.2136858473139,569.9831540964378
bot01_ema_rsi_atr,91961,1783856100000,2026-07-12 11:35:00+00:00,64037.002499999995,91968,1783858200000,2026-07-12 12:10:00+00:00,64043.49310536283,take_profit,63957.97941946785,64075.530870798226,0.22789080782218096,-0.08987442493506738,455.98652327715024,569.7668061030407
bot01_ema_rsi_atr,92111,1783901100000,2026-07-13 00:05:00+00:00,64071.689835,92112,1783901400000,2026-07-13 00:10:00+00:00,64137.87997889596,take_profit,63952.806692415565,64169.964961376645,0.22791037245219717,0.0032030744348209273,455.8134448824326,569.65649910279
bot01_ema_rsi_atr,92374,1783980600000,2026-07-13 22:10:00+00:00,62210.56974,92378,1783981800000,2026-07-13 22:30:00+00:00,62067.88219887154,stop_loss,62098.931664703894,62300.30250294416,0.22748761430305392,-0.3291328534412515,455.725199282232,569.1679574502454
bot01_ema_rsi_atr,92474,1784010600000,2026-07-14 06:30:00+00:00,62788.818719999996,92475,1784010900000,2026-07-14 06:35:00+00:00,62671.75835847757,stop_loss,62703.10991343429,62838.93512984858,0.22734133590844993,-0.2862486085020947,455.3343659601963,568.7286026341787
bot01_ema_rsi_atr,92499,1784018100000,2026-07-14 08:35:00+00:00,62781.375,92502,1784019000000,2026-07-14 08:50:00+00:00,62658.09909744545,stop_loss,62689.44381935512,62840.834270967316,0.2271545704931216,-0.2961610854365755,454.982882107343,568.2783232236626
bot01_ema_rsi_atr,92648,1784063100000,2026-07-14 21:05:00+00:00,64628.67818999999,92654,1784064900000,2026-07-14 21:35:00+00:00,64658.1379557367,take_profit,64533.64453510976,64690.483197335365,0.22724942961116426,-0.05446246651610191,454.6226585789301,568.1028297803954
bot01_ema_rsi_atr,92726,1784086500000,2026-07-15 03:35:00+00:00,64698.683175,92729,1784087400000,2026-07-15 03:50:00+00:00,64724.031234955175,take_profit,64606.31037355,64756.40943967501,0.22717198181632425,-0.06086054514166376,454.4822638243163,567.9201282687012
bot01_ema_rsi_atr,92788,1784105400000,2026-07-15 08:50:00+00:00,64792.38,92793,1784106900000,2026-07-15 09:15:00+00:00,64839.47798397029,take_profit,64685.39070603949,64871.91394094076,0.22713694965152673,-0.027382068714996544,454.33610261496096,567.7754736887497
bot01_ema_rsi_atr,92825,1784116500000,2026-07-15 11:55:00+00:00,64762.375005,92827,1784117100000,2026-07-15 12:05:00+00:00,64646.41185317584,stop_loss,64678.751228790235,64806.898156814656,0.22679350658497371,-0.2788803895215298,454.22037895099976,567.3455523863763
bot01_ema_rsi_atr,92832,1784118600000,2026-07-15 12:30:00+00:00,64817.392499999994,92835,1784119500000,2026-07-15 12:45:00+00:00,64870.46720749094,take_profit,64706.387555450434,64902.91866682435,0.22691757133705104,-0.018198448381808053,453.87644190910106,567.2114543080171
bot01_ema_rsi_atr,92926,1784146800000,2026-07-15 20:20:00+00:00,65027.51750999999,92934,1784149200000,2026-07-15 21:00:00+00:00,64888.51780320546,stop_loss,64920.97829235163,65106.08256147254,0.22652889311377294,-0.3135414550715122,453.7691634464137,566.742679096331
bot01_ema_rsi_atr,93011,1784172600000,2026-07-16 03:30:00+00:00,64757.35249499999,93014,1784173500000,2026-07-16 03:45:00+00:00,64627.190539556046,stop_loss,64659.520299705895,64823.194550441156,0.22635612094119778,-0.3007985016041952,453.3941432770648,566.2887208138744
bot01_ema_rsi_atr,93029,1784178000000,2026-07-16 05:00:00+00:00,64683.395534999996,93031,1784178600000,2026-07-16 05:10:00+00:00,64702.729701326956,take_profit,64595.05183336538,64735.09724995193,0.22643604999209205,-0.07013942759052896,453.03097665109954,566.0961041745874
bot01_ema_rsi_atr,93094,1784197500000,2026-07-16 10:25:00+00:00,64257.112499999996,93102,1784199900000,2026-07-16 11:05:00+00:00,64121.36599379343,stop_loss,64153.442715151,64332.335927273496,0.2260862801132375,-0.31104396762360387,452.8768833396699,565.6310755587116
bot01_ema_rsi_atr,93230,1784238600000,2026-07-16 21:50:00+00:00,64223.605755,93231,1784238900000,2026-07-16 21:55:00+00:00,64114.12172350666,stop_loss,64146.19482091711,64259.48276862434,0.22594664698704153,-0.27030271996729444,452.50486044696925,565.2124718903932
bot01_ema_rsi_atr,93232,1784239200000,2026-07-16 22:00:00+00:00,64243.1055,93234,1784239800000,2026-07-16 22:10:00+00:00,64130.792107794005,stop_loss,64162.87354456628,64283.18968315057,0.22577451667424125,-0.2746507706010246,452.1699775123146,564.7892677861811
bot01_ema_rsi_atr,93269,1784250300000,2026-07-17 01:05:00+00:00,64056.61229999999,93271,1784250900000,2026-07-17 01:15:00+00:00,63907.87378286127,stop_loss,63939.843704713625,64151.734442929555,0.22554072506308484,-0.3319663392838852,451.8314142289449,564.3017028632877
bot01_ema_rsi_atr,93424,1784297100000,2026-07-17 14:05:00+00:00,63392.680499999995,93428,1784298300000,2026-07-17 14:25:00+00:00,63182.388551849755,stop_loss,63213.99554962457,63581.506675563156,0.22523380463946868,-0.43139733884905507,451.44136229063014,563.7024528933745
bot01_ema_rsi_atr,93611,1784353500000,2026-07-18 05:45:00+00:00,64004.75638499999,93612,1784353800000,2026-07-18 05:50:00+00:00,63918.7616458633,stop_loss,63950.73701437048,64005.81947844426,0.22521691763180604,-0.23422243790882563,450.9619623146996,563.3259129407776
bot01_ema_rsi_atr,93615,1784354700000,2026-07-18 06:05:00+00:00,64001.98499999999,93618,1784355600000,2026-07-18 06:20:00+00:00,63968.91631168074,take_profit,63949.388819956155,64000.91677006577,0.225159546108064,-0.15161655475363878,450.66073035262207,563.0425995090106
bot01_ema_rsi_atr,93664,1784369400000,2026-07-18 10:10:00+00:00,64029.058529999995,93669,1784370900000,2026-07-18 10:35:00+00:00,63985.117252696815,take_profit,63983.68278959692,64017.12581560462,0.22502722861742885,-0.16855845928970573,450.4340796072085,562.7403696141196
bot01_ema_rsi_atr,93710,1784383200000,2026-07-18 14:00:00+00:00,64162.064999999995,93724,1784387400000,2026-07-18 15:10:00+00:00,64054.45695518563,stop_loss,64086.50020528827,64195.24969206759,0.22479503091714909,-0.26754516359401326,450.19229569129567,562.3270057286265
bot01_ema_rsi_atr,93854,1784426700000,2026-07-19 02:05:00+00:00,64874.86122,93855,1784427000000,2026-07-19 02:10:00+00:00,64863.91704303495,take_profit,64806.489849568155,64896.365225647765,0.22479938331740767,-0.11685280335475565,449.86160458290124,562.0832527724119
bot01_ema_rsi_atr,93905,1784442000000,2026-07-19 06:20:00+00:00,64786.82722499999,93906,1784442300000,2026-07-19 06:25:00+00:00,64693.58960764348,stop_loss,64725.95258393545,64797.196124096816,0.22455926241830199,-0.24377055294846603,449.66660221792955,561.6970714698853
bot01_ema_rsi_atr,93921,1784446800000,2026-07-19 07:40:00+00:00,64799.02331999999,93922,1784447100000,2026-07-19 07:45:00+00:00,64710.26409072545,stop_loss,64742.63540842966,64802.646887355506,0.22441276480931496,-0.23683920760251762,449.35765717590823,561.3189343407308
bot01_ema_rsi_atr,93957,1784457600000,2026-07-19 10:40:00+00:00,64704.265965,93958,1784457900000,2026-07-19 10:45:00+00:00,64605.90371529846,stop_loss,64638.22282671181,64722.49075993228,0.22424481924138193,-0.25186616521543337,449.0551474725847,560.9241988134472
bot01_ema_rsi_atr,94094,1784499000000,2026-07-19 22:10:00+00:00,64697.3325,94095,1784499300000,2026-07-19 22:15:00+00:00,64749.55617688584,take_profit,64587.035233025956,64781.94715046106,0.22434795971550647,-0.01936073529931536,448.7393590507578,560.790315883622
bot01_ema_rsi_atr,94129,1784509500000,2026-07-20 01:05:00+00:00,65041.88468999999,94130,1784509800000,2026-07-20 01:10:00+00:00,64835.04845178501,stop_loss,64867.48219288145,65222.226710677816,0.22384765706664236,-0.4176866767646641,448.63225270689765,560.2101570029257
bot01_ema_rsi_atr,94149,1784515500000,2026-07-20 02:45:00+00:00,64941.024285,94156,1784517600000,2026-07-20 03:20:00+00:00,64733.52433972694,stop_loss,64765.90729337362,65122.56405993957,0.22361438140506562,-0.4192010714491829,448.1681256023406,559.6289032568166
bot01_ema_rsi_atr,94296,1784559900000,2026-07-20 15:05:00+00:00,64837.06233,94303,1784562000000,2026-07-20 15:40:00+00:00,65009.59567716197,take_profit,64646.355509646855,65042.11673552973,0.22403717550841423,0.16583686493620667,447.70312260545325,559.7024060676471
bot01_ema_rsi_atr,94401,1784591700000,2026-07-20 23:55:00+00:00,65291.959664999995,94402,1784592000000,2026-07-21 00:00:00+00:00,65170.70738719859,stop_loss,65203.30904171945,65343.36143742084,0.2235613475957941,-0.28552211657469434,447.76192485411764,559.27117037
bot01_ema_rsi_atr,94405,1784592900000,2026-07-21 00:15:00+00:00,65379.11322,94410,1784594400000,2026-07-21 00:40:00+00:00,65421.24725379938,take_profit,65274.750506053446,65453.97424091984,0.2236686270841438,-0.03561873556782442,447.416936296,559.1195149131337
bot01_ema_rsi_atr,94437,1784602500000,2026-07-21 02:55:00+00:00,65448.447869999996,94439,1784603100000,2026-07-21 03:05:00+00:00,65502.10353255703,take_profit,65336.319354639294,65534.87096804105,0.2236275653742319,-0.018100415458376377,447.29561193050694,558.9874706597204
bot01_ema_rsi_atr,94542,1784634000000,2026-07-21 11:40:00+00:00,66366.176505,94546,1784635200000,2026-07-21 12:00:00+00:00,66237.67419387668,stop_loss,66270.80959867602,66426.31060198597,0.22326693799020525,-0.29343258203599887,447.18997652777637,558.5479509421793
bot01_ema_rsi_atr,94635,1784662200000,2026-07-21 19:30:00+00:00,66447.54716999999,94653,1784667600000,2026-07-21 21:00:00+00:00,66304.95675329166,stop_loss,66338.12581619975,66528.66127570035,0.22306799184463055,-0.3143763500060964,446.8383607537435,558.085404008282
bot01_ema_rsi_atr,94854,1784728200000,2026-07-22 13:50:00+00:00,65962.734885,94857,1784729100000,2026-07-22 14:05:00+00:00,66038.09193647104,take_profit,65835.53166651924,66071.12750022115,0.22324993043189723,0.014127612432724968,446.4683232066256,557.9895399872362
bot01_ema_rsi_atr,95041,1784784600000,2026-07-23 05:30:00+00:00,65780.403765,95044,1784785500000,2026-07-23 05:45:00+00:00,65659.26096905283,stop_loss,65692.10702256412,65830.66446615383,0.222878902179103,-0.2839782765450465,446.39163198978895,557.5613451772631
bot01_ema_rsi_atr,95052,1784787900000,2026-07-23 06:25:00+00:00,65782.875,95059,1784790000000,2026-07-23 07:00:00+00:00,65659.26905234932,stop_loss,65692.11510990428,65836.82733514358,0.22270370390602506,-0.2877119869008899,446.0490761418105,557.1293195775123
bot01_ema_rsi_atr,95214,1784836800000,2026-07-23 20:00:00+00:00,64980.123824999995,95217,1784837700000,2026-07-23 20:15:00+00:00,65030.804829929766,take_profit,64870.525667880764,65063.336498178855,0.22282712124737955,-0.02208336804467256,445.70345566200984,556.993311736555
bot01_ema_rsi_atr,95280,1784856600000,2026-07-24 01:30:00+00:00,65158.30286999999,95292,1784860200000,2026-07-24 02:30:00+00:00,65019.9066888236,stop_loss,65052.43290527623,65235.70064208564,0.22244955197664135,-0.3121875170245823,445.594649389244,556.534488128945
bot01_ema_rsi_atr,95336,1784873400000,2026-07-24 06:10:00+00:00,65412.18975,95337,1784873700000,2026-07-24 06:15:00+00:00,65416.71672727634,take_profit,65332.87236799977,65449.44144800034,0.22251018386016258,-0.09308622702228507,445.22759050315597,556.3196734512952
bot01_ema_rsi_atr,95449,1784907600000,2026-07-24 15:40:00+00:00,64203.095505,95453,1784908800000,2026-07-24 16:00:00+00:00,63994.25876851145,stop_loss,64026.271904463676,64388.117143304495,0.2220550533924573,-0.4249499079617071,445.0557387610362,555.7360663445322
bot01_ema_rsi_atr,95471,1784914200000,2026-07-24 17:30:00+00:00,64220.404155,95495,1784921400000,2026-07-24 19:30:00+00:00,64192.837525,time_stop,64098.16069156982,64323.53396264526,0.222135617055988,-0.14288210847057164,444.58885307562576,555.4662684589202
bot01_ema_rsi_atr,95749,1784997900000,2026-07-25 16:45:00+00:00,64262.115,95750,1784998200000,2026-07-25 16:50:00+00:00,64168.78088618463,stop_loss,64200.88132684805,64273.678009727926,0.22191422395439264,-0.24509447705160814,444.37301476713617,555.0831640594821
bot01_ema_rsi_atr,95809,1785016200000,2026-07-25 21:50:00+00:00,64384.566195,95814,1785017700000,2026-07-25 22:15:00+00:00,64368.420994841144,take_profit,64320.23579633741,64400.621305493885,0.2218944380810413,-0.12505112003060273,444.06653124758566,554.8334587114614
bot01_ema_rsi_atr,96060,1785091800000,2026-07-26 18:50:00+00:00,64779.21341999999,96063,1785092700000,2026-07-26 19:05:00+00:00,64681.86406772964,stop_loss,64714.221178318796,64795.7682325218,0.22165582426324237,-0.25012840969144023,443.86676696916913,554.4452103575983
bot01_ema_rsi_atr,96068,1785094200000,2026-07-26 19:30:00+00:00,64772.560095,96071,1785095100000,2026-07-26 19:45:00+00:00,64678.086219013436,stop_loss,64710.4414397333,64784.81284040005,0.22150561986793743,-0.24570892670006386,443.5561682860786,554.0621295046999
bot01_ema_rsi_atr,96237,1785145200000,2026-07-27 09:40:00+00:00,65338.73304,96241,1785146400000,2026-07-27 10:00:00+00:00,65219.00797708313,stop_loss,65251.633793980116,65387.74930902984,0.22131119250366235,-0.2830542655008726,443.24970360375994,553.6379714398796
bot01_ema_rsi_atr,96284,1785159300000,2026-07-27 13:35:00+00:00,65464.43586,96285,1785159600000,2026-07-27 13:40:00+00:00,65562.70759714047,take_profit,65322.529766789754,65595.50534981537,0.2215105131518876,0.049964578650424744,442.9103771519037,553.5825130969514
bot01_ema_rsi_atr,96320,1785170100000,2026-07-27 16:35:00+00:00,64969.698615,96325,1785171600000,2026-07-27 17:00:00+00:00,64771.895181760105,stop_loss,64804.29733042531,65136.62900436204,0.22098554399674442,-0.40415044862317845,442.86601047756113,553.0247828135379
bot01_ema_rsi_atr,96351,1785179400000,2026-07-27 19:10:00+00:00,65007.51751499999,96375,1785186900000,2026-07-27 21:15:00+00:00,64859.66055403682,stop_loss,64892.10660734049,65099.41508898926,0.22084799324933854,-0.32721849664252056,442.4198262508303,552.5526199007746
bot01_ema_rsi_atr,96543,1785237300000,2026-07-28 11:15:00+00:00,63610.359285,96544,1785237600000,2026-07-28 11:20:00+00:00,63476.76969458144,stop_loss,63508.523956559715,63683.63906516043,0.2206786838083108,-0.3098023063039257,442.0420959206197,552.1000875889474
bot01_ema_rsi_atr,96561,1785243000000,2026-07-28 12:50:00+00:00,63565.40682,96567,1785244800000,2026-07-28 13:20:00+00:00,63430.323615040834,stop_loss,63462.05464236201,63641.01803645698,0.22049519546954344,-0.3122980540914923,441.68007007115796,551.6451728449601
bot01_ema_rsi_atr,96632,1785264300000,2026-07-28 18:45:00+00:00,63808.498304999994,96643,1785267600000,2026-07-28 19:40:00+00:00,63657.426026184294,stop_loss,63689.270661515046,63907.61900772744,0.22028678754293307,-0.3365221099789728,441.3161382759681,551.1639334969352
bot01_ema_rsi_atr,96694,1785282900000,2026-07-28 23:55:00+00:00,63958.44324,96695,1785283200000,2026-07-29 00:00:00+00:00,64006.202260979386,take_profit,63851.9857522232,64038.22137166521,0.22043757127774122,-0.025402715354769418,440.9311467975482,551.025726591324
bot01_ema_rsi_atr,96752,1785300300000,2026-07-29 04:45:00+00:00,63902.945504999996,96757,1785301800000,2026-07-29 05:10:00+00:00,63979.82209186053,take_profit,63777.13132942437,64011.828005863455,0.22043253201874186,0.020181800176426404,440.8205812730592,550.9377405868358
bot01_ema_rsi_atr,96859,1785332700000,2026-07-29 13:45:00+00:00,64672.32,96860,1785333000000,2026-07-29 13:50:00+00:00,64493.0567326685,stop_loss,64525.319392364676,64812.02091145299,0.21995978854688994,-0.376909818704773,440.7501924694687,550.4126606585619
bot01_ema_rsi_atr,96908,1785347400000,2026-07-29 17:50:00+00:00,64232.1,96910,1785348000000,2026-07-29 18:00:00+00:00,64351.70957562085,take_profit,64077.39898241064,64383.90152638404,0.2202597665355668,0.08602842822394867,440.33012852684953,550.3971856963001
bot01_ema_rsi_atr,96957,1785362100000,2026-07-29 21:55:00+00:00,63891.49978499999,96959,1785362700000,2026-07-29 22:05:00+00:00,64039.19455915298,take_profit,63718.46321717327,64071.230174240096,0.2203030054876204,0.13093381729235193,440.3177485570401,550.4310933370521
bot01_ema_rsi_atr,97067,1785395400000,2026-07-30 07:10:00+00:00,64088.55826499999,97071,1785396600000,2026-07-30 07:30:00+00:00,63955.72856354944,stop_loss,63987.72242476182,64159.74136285727,0.21983441500344747,-0.30705235901924033,440.3448746696416,549.9833228093427
bot01_ema_rsi_atr,97173,1785427500000,2026-07-30 16:05:00+00:00,64873.740659999996,97192,1785433200000,2026-07-30 17:40:00+00:00,64944.86135393563,take_profit,64750.633314033264,64977.3500289501,0.2200038005560604,0.009519772590377479,439.9866582474741,549.8837871056718
bot01_ema_rsi_atr,97213,1785439500000,2026-07-30 19:25:00+00:00,64916.311935,97214,1785439800000,2026-07-30 19:30:00+00:00,64797.629741268116,stop_loss,64830.04476364994,64964.6078545251,0.21964267592618886,-0.2826405536668013,439.9070296845374,549.4632822710869
bot01_ema_rsi_atr,97228,1785444000000,2026-07-30 20:40:00+00:00,64899.983775,97231,1785444900000,2026-07-30 20:55:00+00:00,64772.738386851655,stop_loss,64805.14095733032,64961.163564004535,0.2194601759702582,-0.29586775738017007,439.5706258168695,549.0285778133942
bot01_ema_rsi_atr,97245,1785449100000,2026-07-30 22:05:00+00:00,64974.701114999996,97252,1785451200000,2026-07-30 22:40:00+00:00,64849.90321363052,stop_loss,64882.344385823424,65032.05842126487,0.21929093079938805,-0.29187945666335974,439.22286225071537,548.5985922721878
bot01_ema_rsi_atr,97342,1785478200000,2026-07-31 06:10:00+00:00,64413.13047,97346,1785479400000,2026-07-31 06:30:00+00:00,64429.71066316694,take_profit,64326.93891067739,64461.94163398392,0.21935793123527164,-0.07428534702021808,438.8788738177503,548.4074483858035
bot01_ema_rsi_atr,97428,1785504300000,2026-07-31 13:25:00+00:00,63860.65437,97429,1785504600000,2026-07-31 13:30:00+00:00,63739.89355982411,stop_loss,63771.77944954888,63914.18082567668,0.2190460970387258,-0.2889113892675492,438.7259587086428,547.9812014628463
bot01_ema_rsi_atr,97650,1785571200000,2026-08-01 08:00:00+00:00,63117.04274999999,97655,1785572700000,2026-08-01 08:25:00+00:00,63082.05034785273,take_profit,63066.761899047706,63113.60715142844,0.21902218440531293,-0.15538505643170442,438.38496117027705,547.7014793389079
bot01_ema_rsi_atr,97726,1785594000000,2026-08-01 14:20:00+00:00,63144.65654999999,97730,1785595200000,2026-08-01 14:40:00+00:00,63066.87255714331,stop_loss,63098.42176802732,63135.11734795901,0.21883625046721775,-0.22306062477716274,438.1611834711263,547.3478421159631
bot01_ema_rsi_atr,97798,1785615900000,2026-08-01 20:25:00+00:00,62648.508599999994,97805,1785618000000,2026-08-01 21:00:00+00:00,62678.37005660177,take_profit,62555.5167206258,62709.7249190613,0.2188817938475947,-0.05238259327823823,437.87827369277045,547.1810868917481
bot01_ema_rsi_atr,97836,1785627300000,2026-08-01 23:35:00+00:00,62851.900245,97837,1785627600000,2026-08-01 23:40:00+00:00,62761.300607042605,stop_loss,62792.69695552036,62862.17956671945,0.21860540637816714,-0.24400366252511452,437.7448695133985,546.8048893242162
bot01_ema_rsi_atr,97922,1785653100000,2026-08-02 06:45:00+00:00,63522.375315,97933,1785656400000,2026-08-02 07:40:00+00:00,63502.155879228856,take_profit,63461.768106233874,63533.922840649175,0.21857781950861666,-0.13179858472735553,437.443911459373,546.5515362615026
bot01_ema_rsi_atr,98015,1785681300000,2026-08-02 14:35:00+00:00,63171.580004999996,98018,1785682200000,2026-08-02 14:50:00+00:00,63065.7993347782,stop_loss,63097.34800878259,63204.002986826126,0.21832844737083246,-0.2672823278176778,437.24122900920213,546.1503509876155
bot01_ema_rsi_atr,98239,1785748800000,2026-08-03 09:20:00+00:00,62686.3275,98244,1785750300000,2026-08-03 09:45:00+00:00,62712.71437566274,take_profit,62595.60905408522,62744.086418872175,0.2183968431168224,-0.05794858330617642,436.9202807900924,545.9778869364724
bot01_ema_rsi_atr,98543,1785840300000,2026-08-04 10:45:00+00:00,63801.895005,98549,1785842100000,2026-08-04 11:15:00+00:00,63677.20021727484,stop_loss,63709.05474464716,63861.44288302927,0.21806876015001936,-0.29524513014491177,436.7823095491779,545.54661912914
bot01_ema_rsi_atr,98588,1785854100000,2026-08-04 14:35:00+00:00,64021.98499499999,98592,1785855300000,2026-08-04 14:55:00+00:00,64160.212462402254,take_profit,63855.11092219292,64192.30861671061,0.2183448766041753,0.11569034441159677,436.437295303312,545.5636125288809
bot01_ema_rsi_atr,98618,1785863100000,2026-08-04 17:05:00+00:00,64167.077505,98620,1785863700000,2026-08-04 17:15:00+00:00,64003.16666540837,stop_loss,64035.184257537134,64284.748613694304,0.2178378892947135,-0.35518838494598304,436.4508900231047,545.067331645253
bot01_ema_rsi_atr,98630,1785866700000,2026-08-04 18:05:00+00:00,64157.04249,98632,1785867300000,2026-08-04 18:15:00+00:00,64233.38692829579,take_profit,64031.28687457343,64265.51968813986,0.21804751134501105,0.018877197104866017,436.0538653162024,544.9788762871468
bot01_ema_rsi_atr,98661,1785876000000,2026-08-04 20:40:00+00:00,64429.228514999995,98663,1785876600000,2026-08-04 20:50:00+00:00,64281.489757366595,stop_loss,64313.64658065692,64522.10512901461,0.21763287306725826,-0.3290746331712005,435.98310102971743,544.5115617417365
bot01_ema_rsi_atr,98689,1785884400000,2026-08-04 23:00:00+00:00,64277.1225,98690,1785884700000,2026-08-04 23:05:00+00:00,64285.0975720269,take_profit,64196.829199915366,64317.256200126954,0.21770922073721807,-0.08760508148933616,435.6092493933892,544.3073508738711
bot01_ema_rsi_atr,98761,1785906300000,2026-08-05 05:05:00+00:00,64331.859854999995,98764,1785907200000,2026-08-05 05:20:00+00:00,64350.2291504733,take_profit,64244.56975956425,64382.420360653625,0.21764513205904684,-0.07147459094266992,435.44588069909685,544.1207589214852
bot01_ema_rsi_atr,98846,1785931800000,2026-08-05 12:10:00+00:00,64239.683789999995,98847,1785932100000,2026-08-05 12:15:00+00:00,64250.63780388861,take_profit,64157.4472043431,64282.77919348535,0.21755801732264204,-0.08296526503695478,435.2966071371881,543.9217388099947
bot01_ema_rsi_atr,99157,1786025400000,2026-08-06 14:10:00+00:00,64503.505634999994,99161,1786026900000,2026-08-06 14:35:00+00:00,64554.31271705471,take_profit,64394.37931995683,64586.60602006474,0.21754551099307337,-0.021312377563069806,435.1373910479958,543.7897931158391
bot01_ema_rsi_atr,99344,1786081800000,2026-08-07 05:50:00+00:00,64412.12997,99346,1786082400000,2026-08-07 06:00:00+00:00,64302.65849324805,stop_loss,64334.82590620114,64447.6111406983,0.21722250480648037,-0.26978479880441153,435.03183449267124,543.3879161298005
bot01_ema_rsi_atr,99371,1786090200000,2026-08-07 08:10:00+00:00,64404.185999999994,99372,1786090500000,2026-08-07 08:15:00+00:00,64399.07107610715,take_profit,64332.475520355416,64431.28671946688,0.21723786642155252,-0.10793397026855037,434.71033290384037,543.1620558162372
bot01_ema_rsi_atr,99503,1786129800000,2026-08-07 19:10:00+00:00,64869.76867499999,99505,1786130400000,2026-08-07 19:20:00+00:00,64898.29970119846,take_profit,64775.073277506446,64930.76508374033,0.2172039208512973,-0.056061975008605346,434.52964465298976,542.9925828313516
bot01_ema_rsi_atr,99859,1786237200000,2026-08-09 01:00:00+00:00,65024.065785,99862,1786238100000,2026-08-09 01:15:00+00:00,64948.43544331066,stop_loss,64980.92590626379,65007.536140604316,0.21696224857280877,-0.21619499709149853,434.3940662650813,542.6494345396131
bot01_ema_rsi_atr,100155,1786326300000,2026-08-10 01:45:00+00:00,65277.652514999994,100156,1786326600000,2026-08-10 01:50:00+00:00,65346.8975963842,take_profit,65155.32507328051,65379.587390079236,0.21706625489213,0.005971697261826692,434.1195476316905,542.5473792479137
bot01_ema_rsi_atr,100165,1786329600000,2026-08-10 02:40:00+00:00,65237.60249999999,100166,1786329900000,2026-08-10 02:45:00+00:00,65079.68156342243,stop_loss,65112.23768226356,65344.14347660466,0.2166480355517088,-0.34182834683568286,434.03790339833097,542.0683245407549
bot01_ema_rsi_atr,100274,1786362300000,2026-08-10 11:45:00+00:00,65113.590525,100276,1786362900000,2026-08-10 11:55:00+00:00,65097.94273373765,take_profit,65048.078008179,65130.50798773151,0.21669288874374504,-0.12400749727522722,433.65465963260397,541.8256042443625
bot01_ema_rsi_atr,100366,1786390200000,2026-08-10 19:30:00+00:00,64119.453705,100367,1786390500000,2026-08-10 19:35:00+00:00,63993.86969993275,stop_loss,64025.882641253374,64179.70103811995,0.21640984549780332,-0.29566358384678115,433.46048339549,541.3971633197718
bot01_ema_rsi_atr,100429,1786409100000,2026-08-11 00:45:00+00:00,64035.811904999995,100431,1786409700000,2026-08-11 00:55:00+00:00,64026.419790920045,take_profit,63967.38398971483,64058.44901542775,0.21643472046337026,-0.11465230421345,433.11773065581747,541.164863167434
bot01_ema_rsi_atr,100512,1786434000000,2026-08-11 07:40:00+00:00,64110.909435,100526,1786438200000,2026-08-11 08:50:00+00:00,64102.20919920486,take_profit,64041.93244175098,64134.27633737354,0.21634303911720648,-0.11355703052091436,432.9318905339472,540.9338469511831
bot01_ema_rsi_atr,100750,1786505700000,2026-08-12 03:35:00+00:00,63862.155119999996,100754,1786506900000,2026-08-12 03:55:00+00:00,63759.58851429872,stop_loss,63791.48425642693,63888.373615359604,0.21609177106400107,-0.26044563310312197,432.7470775609465,540.5441742330371
bot01_ema_rsi_atr,100994,1786579500000,2026-08-13 00:05:00+00:00,63630.09915,100996,1786580100000,2026-08-13 00:15:00+00:00,63642.57194449193,take_profit,63547.56056728903,63674.40914906646,0.21613073119879705,-0.08041756674295937,432.4353393864297,540.3492138422671
bot01_ema_rsi_atr,101144,1786624500000,2026-08-13 12:35:00+00:00,63606.7875,101147,1786625400000,2026-08-13 12:50:00+00:00,63625.93428388811,take_profit,63519.82455635277,63657.763165470846,0.21606411412419016,-0.06992830819473773,432.27937107381365,540.1656481581947
bot01_ema_rsi_atr,101284,1786666800000,2026-08-14 00:20:00+00:00,63583.79600999999,101285,1786667100000,2026-08-14 00:25:00+00:00,63481.67079066213,stop_loss,63513.427504414336,63609.90874337849,0.21578488206103702,-0.26045455056265915,432.13251852655577,539.7765192035245
bot01_ema_rsi_atr,101289,1786668300000,2026-08-14 00:45:00+00:00,63541.744994999994,101292,1786669200000,2026-08-14 01:00:00+00:00,63549.88958362605,take_profit,63462.19638410802,63581.68042383796,0.21581647592440925,-0.08719512025036057,431.82121536281954,539.5745262744401
bot01_ema_rsi_atr,101520,1786737900000,2026-08-14 20:05:00+00:00,63049.13881499999,101522,1786738500000,2026-08-14 20:15:00+00:00,62940.06633510376,stop_loss,62971.55211115933,63086.74683326099,0.21553539383766776,-0.27282299086758033,431.6596210195521,539.1724891137491
bot01_ema_rsi_atr,101722,1786798800000,2026-08-15 13:00:00+00:00,63106.367415,101723,1786799100000,2026-08-15 13:05:00+00:00,63021.291400541086,stop_loss,63052.817809445805,63107.84828583129,0.21541593087152472,-0.23467886352186948,431.33799129099924,538.8118429067254
bot01_ema_rsi_atr,102084,1786908000000,2026-08-16 19:20:00+00:00,63220.584494999996,102085,1786908300000,2026-08-16 19:25:00+00:00,63185.44861540035,take_profit,63170.27857068511,63217.057143972335,0.2153571439761489,-0.15552106801988638,431.0494743253803,538.5366549447893
bot01_ema_rsi_atr,102265,1786962600000,2026-08-17 10:30:00+00:00,63506.72749499999,102266,1786962900000,2026-08-17 10:35:00+00:00,63497.95309701485,take_profit,63438.50469600477,63529.71795599284,0.21529208816020534,-0.11380266931224443,430.82932395583146,538.3064963699077
bot01_ema_rsi_atr,102302,1786973700000,2026-08-17 13:35:00+00:00,63736.842495,102304,1786974300000,2026-08-17 13:45:00+00:00,63604.61128686281,stop_loss,63636.42950161362,63807.83074757957,0.21499180182289418,-0.30725685766347943,430.64519709592616,537.8683691422899
bot01_ema_rsi_atr,102481,1787027700000,2026-08-18 04:35:00+00:00,64232.520209999995,102487,1787029500000,2026-08-18 05:05:00+00:00,64233.576132458875,take_profit,64156.89400869844,64265.70898695235,0.21504154062509923,-0.09835773758686026,430.29469531383194,537.6550942436766
bot01_ema_rsi_atr,102593,1787061600000,2026-08-18 14:00:00+00:00,64407.177494999996,102594,1787061900000,2026-08-18 14:05:00+00:00,64271.11602323226,stop_loss,64303.26765706079,64482.57351440881,0.21472757237680912,-0.3110407808299366,430.12407539494126,537.213432369487
bot01_ema_rsi_atr,102987,1787180400000,2026-08-19 23:00:00+00:00,69384.965145,103002,1787184900000,2026-08-20 00:15:00+00:00,69648.52083584004,take_profit,69128.24165526759,69683.36251709859,0.21518563839043453,0.2794656877019167,429.7707458955896,537.4059548602102
bot01_ema_rsi_atr,103074,1787206500000,2026-08-20 06:15:00+00:00,69532.64894999999,103075,1787206800000,2026-08-20 06:20:00+00:00,69596.45951667367,take_profit,69408.98323049946,69631.27515425079,0.21495343830878483,-0.008321116670178035,429.9247638881681,537.2895389775741
bot01_ema_rsi_atr,103156,1787231100000,2026-08-20 13:05:00+00:00,72051.017505,103161,1787232900000,2026-08-20 13:35:00+00:00,71795.41985822536,stop_loss,71831.33552598835,72290.52171101746,0.21442753693535788,-0.4543906220479652,429.8316311820593,536.6942906927625
bot01_ema_rsi_atr,103178,1787238000000,2026-08-20 15:00:00+00:00,72361.16249999999,103179,1787238300000,2026-08-20 15:05:00+00:00,72034.17056544822,stop_loss,72070.20566828236,72707.19149757647,0.21408581027378787,-0.5514368361857365,429.35543255421,535.9956377373101
bot01_ema_rsi_atr,103329,1787283600000,2026-08-21 03:40:00+00:00,74717.34,103342,1787287500000,2026-08-21 04:45:00+00:00,74961.69214174787,take_profit,74467.20550825555,74999.19173761668,0.21464128446953307,0.22670835124233235,428.79651018984805,536.131224954997
bot01_ema_rsi_atr,103449,1787319900000,2026-08-21 13:45:00+00:00,77503.04215499999,103451,1787320500000,2026-08-21 13:55:00+00:00,77098.04558841763,stop_loss,77136.61389536531,77955.85415695203,0.21378550719582534,-0.6220331470429467,428.9049799639976,535.3576829066187
bot01_ema_rsi_atr,103503,1787336100000,2026-08-21 18:15:00+00:00,77458.70999999999,103507,1787337300000,2026-08-21 18:35:00+00:00,77206.32435950772,stop_loss,77244.94683292418,77682.57975061372,0.21368747665036972,-0.4255066536116866,428.28614632529496,534.7954704542718
bot01_ema_rsi_atr,103527,1787343300000,2026-08-21 20:15:00+00:00,77468.715,103538,1787346600000,2026-08-21 21:10:00+00:00,77676.61837162427,take_profit,77239.68259354726,77715.4761096791,0.2140979889639251,0.1681023794607207,427.83637636341746,534.8681323416151
bot01_ema_rsi_atr,104077,1787509200000,2026-08-23 18:20:00+00:00,77359.610475,104094,1787514300000,2026-08-23 19:45:00+00:00,77430.01192067342,take_profit,77222.41913745311,77468.74629382032,0.21393753376645216,-0.009085576057180637,427.89450587329213,534.7514492641232
bot01_ema_rsi_atr,104215,1787550900000,2026-08-24 05:55:00+00:00,77187.79461,104218,1787551800000,2026-08-24 06:10:00+00:00,77320.38006268845,take_profit,77009.32693834355,77359.05959248469,0.21397715418955476,0.07159820138015191,427.8011594112985,534.7209968836919
bot01_ema_rsi_atr,104515,1787641200000,2026-08-25 07:00:00+00:00,80801.22042,104519,1787642400000,2026-08-25 07:20:00+00:00,80581.74365164858,stop_loss,80622.05467898806,80969.01798151789,0.21349125726024754,-0.37135393555119367,427.7767975069535,534.2173083325791
